  0
SECTION
  2
HEADER
  9
$ACADVER
  1
AC1021
  9
$ACADMAINTVER
 70
25
  9
$DWGCODEPAGE
  3
ANSI_1251
  9
$LASTSAVEDBY
  1
Todor.Boiadjiev
  9
$INSBASE
 10
0.0
 20
0.0
 30
0.0
  9
$EXTMIN
 10
20.0
 20
6.861398761600952
 30
0.0
  9
$EXTMAX
 10
222.5807941618001
 20
183.698
 30
0.0
  9
$LIMMIN
 10
0.0
 20
0.0
  9
$LIMMAX
 10
12.0
 20
9.0
  9
$ORTHOMODE
 70
0
  9
$REGENMODE
 70
1
  9
$FILLMODE
 70
1
  9
$QTEXTMODE
 70
0
  9
$MIRRTEXT
 70
0
  9
$LTSCALE
 40
1.0
  9
$ATTMODE
 70
1
  9
$TEXTSIZE
 40
1.0
  9
$TRACEWID
 40
0.05
  9
$TEXTSTYLE
  7
Standard
  9
$CLAYER
  8
0
  9
$CELTYPE
  6
Continuous
  9
$CECOLOR
 62
256
  9
$CELTSCALE
 40
1.0
  9
$DISPSILH
 70
0
  9
$DIMSCALE
 40
1.0
  9
$DIMASZ
 40
2.5
  9
$DIMEXO
 40
0.625
  9
$DIMDLI
 40
0.38
  9
$DIMRND
 40
0.0
  9
$DIMDLE
 40
0.0
  9
$DIMEXE
 40
1.25
  9
$DIMTP
 40
0.0
  9
$DIMTM
 40
0.0
  9
$DIMTXT
 40
2.5
  9
$DIMCEN
 40
0.09
  9
$DIMTSZ
 40
0.0
  9
$DIMTOL
 70
0
  9
$DIMLIM
 70
0
  9
$DIMTIH
 70
1
  9
$DIMTOH
 70
1
  9
$DIMSE1
 70
0
  9
$DIMSE2
 70
0
  9
$DIMTAD
 70
0
  9
$DIMZIN
 70
0
  9
$DIMBLK
  1

  9
$DIMASO
 70
1
  9
$DIMSHO
 70
1
  9
$DIMPOST
  1

  9
$DIMAPOST
  1

  9
$DIMALT
 70
0
  9
$DIMALTD
 70
2
  9
$DIMALTF
 40
25.4
  9
$DIMLFAC
 40
1.0
  9
$DIMTOFL
 70
0
  9
$DIMTVP
 40
0.0
  9
$DIMTIX
 70
0
  9
$DIMSOXD
 70
0
  9
$DIMSAH
 70
0
  9
$DIMBLK1
  1

  9
$DIMBLK2
  1

  9
$DIMSTYLE
  2
Standard
  9
$DIMCLRD
 70
0
  9
$DIMCLRE
 70
0
  9
$DIMCLRT
 70
0
  9
$DIMTFAC
 40
1.0
  9
$DIMGAP
 40
0.625
  9
$DIMJUST
 70
0
  9
$DIMSD1
 70
0
  9
$DIMSD2
 70
0
  9
$DIMTOLJ
 70
1
  9
$DIMTZIN
 70
0
  9
$DIMALTZ
 70
0
  9
$DIMALTTZ
 70
0
  9
$DIMUPT
 70
0
  9
$DIMDEC
 70
4
  9
$DIMTDEC
 70
4
  9
$DIMALTU
 70
2
  9
$DIMALTTD
 70
2
  9
$DIMTXSTY
  7
Standard
  9
$DIMAUNIT
 70
0
  9
$DIMADEC
 70
0
  9
$DIMALTRND
 40
0.0
  9
$DIMAZIN
 70
0
  9
$DIMDSEP
 70
46
  9
$DIMATFIT
 70
3
  9
$DIMFRAC
 70
0
  9
$DIMLDRBLK
  1

  9
$DIMLUNIT
 70
2
  9
$DIMLWD
 70
-2
  9
$DIMLWE
 70
-2
  9
$DIMTMOVE
 70
0
  9
$DIMFXL
 40
1.0
  9
$DIMFXLON
 70
0
  9
$DIMJOGANG
 40
0.7853981633974483
  9
$DIMTFILL
 70
0
  9
$DIMTFILLCLR
 70
0
  9
$DIMARCSYM
 70
0
  9
$DIMLTYPE
  6

  9
$DIMLTEX1
  6

  9
$DIMLTEX2
  6

  9
$LUNITS
 70
2
  9
$LUPREC
 70
4
  9
$SKETCHINC
 40
0.1
  9
$FILLETRAD
 40
0.0
  9
$AUNITS
 70
0
  9
$AUPREC
 70
0
  9
$MENU
  1
.
  9
$ELEVATION
 40
0.0
  9
$PELEVATION
 40
0.0
  9
$THICKNESS
 40
0.0
  9
$LIMCHECK
 70
0
  9
$CHAMFERA
 40
0.0
  9
$CHAMFERB
 40
0.0
  9
$CHAMFERC
 40
0.0
  9
$CHAMFERD
 40
0.0
  9
$SKPOLY
 70
0
  9
$TDCREATE
 40
2461268.6147916666
  9
$TDUCREATE
 40
2457005.404805949
  9
$TDUPDATE
 40
2461268.6147916666
  9
$TDUUPDATE
 40
2457005.406757581
  9
$TDINDWG
 40
0.001951794
  9
$TDUSRTIMER
 40
0.001951794
  9
$USRTIMER
 70
1
  9
$ANGBASE
 50
0.0
  9
$ANGDIR
 70
0
  9
$PDMODE
 70
0
  9
$PDSIZE
 40
0.0
  9
$PLINEWID
 40
0.0
  9
$SPLFRAME
 70
0
  9
$SPLINETYPE
 70
6
  9
$SPLINESEGS
 70
8
  9
$HANDSEED
  5
200BE
  9
$SURFTAB1
 70
6
  9
$SURFTAB2
 70
6
  9
$SURFTYPE
 70
6
  9
$SURFU
 70
6
  9
$SURFV
 70
6
  9
$UCSBASE
  2

  9
$UCSNAME
  2

  9
$UCSORG
 10
0.0
 20
0.0
 30
0.0
  9
$UCSXDIR
 10
1.0
 20
0.0
 30
0.0
  9
$UCSYDIR
 10
0.0
 20
1.0
 30
0.0
  9
$UCSORTHOREF
  2

  9
$UCSORTHOVIEW
 70
0
  9
$UCSORGTOP
 10
0.0
 20
0.0
 30
0.0
  9
$UCSORGBOTTOM
 10
0.0
 20
0.0
 30
0.0
  9
$UCSORGLEFT
 10
0.0
 20
0.0
 30
0.0
  9
$UCSORGRIGHT
 10
0.0
 20
0.0
 30
0.0
  9
$UCSORGFRONT
 10
0.0
 20
0.0
 30
0.0
  9
$UCSORGBACK
 10
0.0
 20
0.0
 30
0.0
  9
$PUCSBASE
  2

  9
$PUCSNAME
  2

  9
$PUCSORG
 10
0.0
 20
0.0
 30
0.0
  9
$PUCSXDIR
 10
1.0
 20
0.0
 30
0.0
  9
$PUCSYDIR
 10
0.0
 20
1.0
 30
0.0
  9
$PUCSORTHOREF
  2

  9
$PUCSORTHOVIEW
 70
0
  9
$PUCSORGTOP
 10
0.0
 20
0.0
 30
0.0
  9
$PUCSORGBOTTOM
 10
0.0
 20
0.0
 30
0.0
  9
$PUCSORGLEFT
 10
0.0
 20
0.0
 30
0.0
  9
$PUCSORGRIGHT
 10
0.0
 20
0.0
 30
0.0
  9
$PUCSORGFRONT
 10
0.0
 20
0.0
 30
0.0
  9
$PUCSORGBACK
 10
0.0
 20
0.0
 30
0.0
  9
$USERI1
 70
0
  9
$USERI2
 70
0
  9
$USERI3
 70
0
  9
$USERI4
 70
0
  9
$USERI5
 70
0
  9
$USERR1
 40
0.0
  9
$USERR2
 40
0.0
  9
$USERR3
 40
0.0
  9
$USERR4
 40
0.0
  9
$USERR5
 40
0.0
  9
$WORLDVIEW
 70
1
  9
$SHADEDGE
 70
3
  9
$SHADEDIF
 70
70
  9
$TILEMODE
 70
1
  9
$MAXACTVP
 70
64
  9
$PINSBASE
 10
0.0
 20
0.0
 30
0.0
  9
$PLIMCHECK
 70
0
  9
$PEXTMIN
 10
1e+20
 20
1e+20
 30
1e+20
  9
$PEXTMAX
 10
-1e+20
 20
-1e+20
 30
-1e+20
  9
$PLIMMIN
 10
0.0
 20
0.0
  9
$PLIMMAX
 10
12.0
 20
9.0
  9
$UNITMODE
 70
0
  9
$VISRETAIN
 70
1
  9
$PLINEGEN
 70
0
  9
$PSLTSCALE
 70
1
  9
$TREEDEPTH
 70
3020
  9
$CMLSTYLE
  2
Standard
  9
$CMLJUST
 70
0
  9
$CMLSCALE
 40
1.0
  9
$PROXYGRAPHICS
 70
1
  9
$MEASUREMENT
 70
0
  9
$CELWEIGHT
370
-1
  9
$ENDCAPS
280
0
  9
$JOINSTYLE
280
0
  9
$LWDISPLAY
290
0
  9
$INSUNITS
 70
4
  9
$HYPERLINKBASE
  1

  9
$STYLESHEET
  1

  9
$XEDIT
290
1
  9
$CEPSNTYPE
380
0
  9
$PSTYLEMODE
290
1
  9
$FINGERPRINTGUID
  2
{DEE92489-F33C-40FA-A031-549FF3ACB8FD}
  9
$VERSIONGUID
  2
{67581D44-1BA9-42E0-AA01-1C21C74C690E}
  9
$EXTNAMES
290
1
  9
$PSVPSCALE
 40
0.0
  9
$OLESTARTUP
290
0
  9
$SORTENTS
280
127
  9
$INDEXCTL
280
0
  9
$HIDETEXT
280
1
  9
$XCLIPFRAME
290
0
  9
$HALOGAP
280
0
  9
$OBSCOLOR
 70
257
  9
$OBSLTYPE
280
0
  9
$INTERSECTIONDISPLAY
280
0
  9
$INTERSECTIONCOLOR
 70
257
  9
$DIMASSOC
280
2
  9
$PROJECTNAME
  1

  9
$CAMERADISPLAY
290
0
  9
$LENSLENGTH
 40
50.0
  9
$CAMERAHEIGHT
 40
0.0
  9
$STEPSPERSEC
 40
2.0
  9
$STEPSIZE
 40
6.0
  9
$3DDWFPREC
 40
2.0
  9
$PSOLWIDTH
 40
0.25
  9
$PSOLHEIGHT
 40
4.0
  9
$LOFTANG1
 40
1.570796326794896
  9
$LOFTANG2
 40
1.570796326794896
  9
$LOFTMAG1
 40
0.0
  9
$LOFTMAG2
 40
0.0
  9
$LOFTPARAM
 70
7
  9
$LOFTNORMALS
280
1
  9
$LATITUDE
 40
37.795
  9
$LONGITUDE
 40
-122.394
  9
$NORTHDIRECTION
 40
0.0
  9
$TIMEZONE
 70
-8000
  9
$LIGHTGLYPHDISPLAY
280
1
  9
$TILEMODELIGHTSYNCH
280
1
  9
$CMATERIAL
347
20005
  9
$SOLIDHIST
280
1
  9
$SHOWHIST
280
1
  9
$DWFFRAME
280
2
  9
$DGNFRAME
280
0
  9
$REALWORLDSCALE
290
1
  9
$INTERFERECOLOR
 62
1
  9
$INTERFEREOBJVS
345
20027
  9
$INTERFEREVPVS
346
20024
  9
$CSHADOW
280
0
  9
$SHADOWPLANELOCATION
 40
0.0
  0
ENDSEC
  0
SECTION
  2
CLASSES
  0
CLASS
  1
ACDBDICTIONARYWDFLT
  2
AcDbDictionaryWithDefault
  3
ObjectDBX Classes
 90
0
 91
1
280
0
281
0
  0
CLASS
  1
MATERIAL
  2
AcDbMaterial
  3
ObjectDBX Classes
 90
1153
 91
3
280
0
281
0
  0
CLASS
  1
VISUALSTYLE
  2
AcDbVisualStyle
  3
ObjectDBX Classes
 90
4095
 91
24
280
0
281
0
  0
CLASS
  1
TABLESTYLE
  2
AcDbTableStyle
  3
ObjectDBX Classes
 90
4095
 91
1
280
0
281
0
  0
CLASS
  1
SCALE
  2
AcDbScale
  3
ObjectDBX Classes
 90
1153
 91
17
280
0
281
0
  0
CLASS
  1
MLEADERSTYLE
  2
AcDbMLeaderStyle
  3
ACDB_MLEADERSTYLE_CLASS
 90
4095
 91
1
280
0
281
0
  0
CLASS
  1
NPOCOLLECTION
  2
AcDbImpNonPersistentObjectsCollection
  3
ObjectDBX Classes
 90
1153
 91
1
280
0
281
0
  0
CLASS
  1
DICTIONARYVAR
  2
AcDbDictionaryVar
  3
ObjectDBX Classes
 90
0
 91
4
280
0
281
0
  0
CLASS
  1
CELLSTYLEMAP
  2
AcDbCellStyleMap
  3
ObjectDBX Classes
 90
1152
 91
1
280
0
281
0
  0
CLASS
  1
SUN
  2
AcDbSun
  3
SCENEOE
 90
1153
 91
0
280
0
281
0
  0
CLASS
  1
MENTALRAYRENDERSETTINGS
  2
AcDbMentalRayRenderSettings
  3
SCENEOE
 90
1024
 91
0
280
0
281
0
  0
CLASS
  1
ACDBDETAILVIEWSTYLE
  2
AcDbDetailViewStyle
  3
ObjectDBX Classes
 90
1025
 91
0
280
0
281
0
  0
CLASS
  1
ACDBSECTIONVIEWSTYLE
  2
AcDbSectionViewStyle
  3
ObjectDBX Classes
 90
1025
 91
0
280
0
281
0
  0
CLASS
  1
RASTERVARIABLES
  2
AcDbRasterVariables
  3
ISM
 90
0
 91
0
280
0
281
0
  0
CLASS
  1
LAYOUT
  2
AcDbLayout
  3
ObjectDBX Classes
 90
0
 91
0
280
0
281
0
  0
CLASS
  1
ACDBPLACEHOLDER
  2
AcDbPlaceHolder
  3
ObjectDBX Classes
 90
0
 91
0
280
0
281
0
  0
ENDSEC
  0
SECTION
  2
TABLES
  0
TABLE
  2
VPORT
  5
8
330
0
100
AcDbSymbolTable
 70
1
  0
VPORT
  5
31
330
8
100
AcDbSymbolTableRecord
100
AcDbViewportTableRecord
  2
*ACTIVE
 70
0
 10
0.0
 20
0.0
 11
1.0
 21
1.0
 12
112.8062455027147
 22
73.89535446790782
 13
0.0
 23
0.0
 14
10.0
 24
10.0
 15
10.0
 25
10.0
 16
0.0
 26
0.0
 36
1.0
 17
0.0
 27
0.0
 37
0.0
 40
307.7060499747704
 41
1.216730038022813
 42
50.0
 43
0.0
 44
0.0
 50
0.0
 51
0.0
 71
0
 72
100
 73
1
 74
3
 75
0
 76
0
 77
0
 78
0
281
0
 65
1
110
0.0
120
0.0
130
0.0
111
1.0
121
0.0
131
0.0
112
0.0
122
1.0
132
0.0
 79
0
146
0.0
 60
7
 61
5
348
20023
292
1
282
1
141
0.0
142
0.0
 63
160
421
3358443
  0
ENDTAB
  0
TABLE
  2
LTYPE
  5
5
330
0
100
AcDbSymbolTable
 70
21
  0
LTYPE
  5
14
330
5
100
AcDbSymbolTableRecord
100
AcDbLinetypeTableRecord
  2
ByBlock
 70
0
  3

 72
65
 73
0
 40
0.0
  0
LTYPE
  5
15
330
5
100
AcDbSymbolTableRecord
100
AcDbLinetypeTableRecord
  2
ByLayer
 70
0
  3

 72
65
 73
0
 40
0.0
  0
LTYPE
  5
16
330
5
100
AcDbSymbolTableRecord
100
AcDbLinetypeTableRecord
  2
Continuous
 70
0
  3
Solid line
 72
65
 73
0
 40
0.0
  0
LTYPE
  5
32
330
5
100
AcDbSymbolTableRecord
100
AcDbLinetypeTableRecord
  2
DOT
 70
0
  3
Dot . . . . . . . . . . . . . . . . . . . . . .
 72
65
 73
2
 40
6.349999999999999
 49
0.0
 74
0
 49
-6.349999999999999
 74
0
  0
LTYPE
  5
33
330
5
100
AcDbSymbolTableRecord
100
AcDbLinetypeTableRecord
  2
DOT2
 70
0
  3
Dot (.5x) .....................................
 72
65
 73
2
 40
3.174999999999999
 49
0.0
 74
0
 49
-3.174999999999999
 74
0
  0
LTYPE
  5
34
330
5
100
AcDbSymbolTableRecord
100
AcDbLinetypeTableRecord
  2
DOTX2
 70
0
  3
Dot (2x) .  .  .  .  .  .  .  .  .  .  .  .  .
 72
65
 73
2
 40
12.7
 49
0.0
 74
0
 49
-12.7
 74
0
  0
LTYPE
  5
35
330
5
100
AcDbSymbolTableRecord
100
AcDbLinetypeTableRecord
  2
DASHED
 70
0
  3
Dot . . . . . . . . . . . . . . . . . . . . . .
 72
65
 73
2
 40
19.05
 49
12.7
 74
0
 49
-6.349999999999999
 74
0
  0
LTYPE
  5
36
330
5
100
AcDbSymbolTableRecord
100
AcDbLinetypeTableRecord
  2
DASHED2
 70
0
  3
Dashed (.5x) _ _ _ _ _ _ _ _ _ _ _ _ _ _ _ _ _
 72
65
 73
2
 40
9.525
 49
6.349999999999999
 74
0
 49
-3.174999999999999
 74
0
  0
LTYPE
  5
37
330
5
100
AcDbSymbolTableRecord
100
AcDbLinetypeTableRecord
  2
DASHEDX2
 70
0
  3
Dashed (2x) ____  ____  ____  ____  ____  ___
 72
65
 73
2
 40
38.1
 49
25.4
 74
0
 49
-12.7
 74
0
  0
LTYPE
  5
38
330
5
100
AcDbSymbolTableRecord
100
AcDbLinetypeTableRecord
  2
DASHDOT
 70
0
  3
Dash dot __ . __ . __ . __ . __ . __ . __ . __
 72
65
 73
4
 40
25.4
 49
12.7
 74
0
 49
-6.349999999999999
 74
0
 49
0.0
 74
0
 49
-6.349999999999999
 74
0
  0
LTYPE
  5
39
330
5
100
AcDbSymbolTableRecord
100
AcDbLinetypeTableRecord
  2
DASHDOT2
 70
0
  3
Dash dot (.5x) _._._._._._._._._._._._._._._.
 72
65
 73
4
 40
12.7
 49
6.349999999999999
 74
0
 49
-3.174999999999999
 74
0
 49
0.0
 74
0
 49
-3.174999999999999
 74
0
  0
LTYPE
  5
3A
330
5
100
AcDbSymbolTableRecord
100
AcDbLinetypeTableRecord
  2
DASHDOTX2
 70
0
  3
Dash dot (2x) ____  .  ____  .  ____  .  ___
 72
65
 73
4
 40
50.8
 49
25.4
 74
0
 49
-12.7
 74
0
 49
0.0
 74
0
 49
-12.7
 74
0
  0
LTYPE
  5
3B
330
5
100
AcDbSymbolTableRecord
100
AcDbLinetypeTableRecord
  2
DIVIDE
 70
0
  3
Divide ____ . . ____ . . ____ . . ____ . . ____
 72
65
 73
6
 40
31.75
 49
12.7
 74
0
 49
-6.349999999999999
 74
0
 49
0.0
 74
0
 49
-6.349999999999999
 74
0
 49
0.0
 74
0
 49
-6.349999999999999
 74
0
  0
LTYPE
  5
3C
330
5
100
AcDbSymbolTableRecord
100
AcDbLinetypeTableRecord
  2
DIVIDE2
 70
0
  3
Divide (.5x) __..__..__..__..__..__..__..__.._
 72
65
 73
6
 40
15.875
 49
6.349999999999999
 74
0
 49
-3.174999999999999
 74
0
 49
0.0
 74
0
 49
-3.174999999999999
 74
0
 49
0.0
 74
0
 49
-3.174999999999999
 74
0
  0
LTYPE
  5
3D
330
5
100
AcDbSymbolTableRecord
100
AcDbLinetypeTableRecord
  2
DIVIDEX2
 70
0
  3
Divide (2x) ________  .  .  ________  .  .  _
 72
65
 73
6
 40
63.5
 49
25.4
 74
0
 49
-12.7
 74
0
 49
0.0
 74
0
 49
-12.7
 74
0
 49
0.0
 74
0
 49
-12.7
 74
0
  0
LTYPE
  5
3E
330
5
100
AcDbSymbolTableRecord
100
AcDbLinetypeTableRecord
  2
BORDER
 70
0
  3
Border __ __ . __ __ . __ __ . __ __ . __ __ .
 72
65
 73
6
 40
44.45
 49
12.7
 74
0
 49
-6.349999999999999
 74
0
 49
12.7
 74
0
 49
-6.349999999999999
 74
0
 49
0.0
 74
0
 49
-6.349999999999999
 74
0
  0
LTYPE
  5
3F
330
5
100
AcDbSymbolTableRecord
100
AcDbLinetypeTableRecord
  2
BORDER2
 70
0
  3
Border (.5x) __.__.__.__.__.__.__.__.__.__.__.
 72
65
 73
6
 40
22.225
 49
6.349999999999999
 74
0
 49
-3.174999999999999
 74
0
 49
6.349999999999999
 74
0
 49
-3.174999999999999
 74
0
 49
0.0
 74
0
 49
-3.174999999999999
 74
0
  0
LTYPE
  5
40
330
5
100
AcDbSymbolTableRecord
100
AcDbLinetypeTableRecord
  2
BORDERX2
 70
0
  3
Border (2x) ____  ____  .  ____  ____  .  ___
 72
65
 73
6
 40
88.9
 49
25.4
 74
0
 49
-12.7
 74
0
 49
25.4
 74
0
 49
-12.7
 74
0
 49
0.0
 74
0
 49
-12.7
 74
0
  0
LTYPE
  5
41
330
5
100
AcDbSymbolTableRecord
100
AcDbLinetypeTableRecord
  2
CENTER
 70
0
  3
Center ____ _ ____ _ ____ _ ____ _ ____ _ ____
 72
65
 73
4
 40
50.8
 49
31.75
 74
0
 49
-6.349999999999999
 74
0
 49
6.349999999999999
 74
0
 49
-6.349999999999999
 74
0
  0
LTYPE
  5
42
330
5
100
AcDbSymbolTableRecord
100
AcDbLinetypeTableRecord
  2
CENTER2
 70
0
  3
Center (.5x) ___ _ ___ _ ___ _ ___ _ ___ _ ___
 72
65
 73
4
 40
28.575
 49
19.05
 74
0
 49
-3.174999999999999
 74
0
 49
3.174999999999999
 74
0
 49
-3.174999999999999
 74
0
  0
LTYPE
  5
43
330
5
100
AcDbSymbolTableRecord
100
AcDbLinetypeTableRecord
  2
CENTERX2
 70
0
  3
Center (2x) ________  __  ________  __  _____
 72
65
 73
4
 40
101.6
 49
63.5
 74
0
 49
-12.7
 74
0
 49
12.7
 74
0
 49
-12.7
 74
0
  0
ENDTAB
  0
TABLE
  2
LAYER
  5
2
330
0
100
AcDbSymbolTable
 70
3
  0
LAYER
  5
10
330
2
100
AcDbSymbolTableRecord
100
AcDbLayerTableRecord
  2
0
 70
0
 62
255
  6
Continuous
370
25
390
F
347
20015
  0
LAYER
  5
20090
330
2
100
AcDbSymbolTableRecord
100
AcDbLayerTableRecord
  2
Defpoints
 70
0
 62
7
  6
Continuous
290
0
370
-3
390
20003
347
20015
  0
LAYER
  5
2009B
330
2
100
AcDbSymbolTableRecord
100
AcDbLayerTableRecord
  2
KEYCAPS
 70
0
 62
3
  6
Continuous
370
-3
390
20003
347
20015
  0
ENDTAB
  0
TABLE
  2
STYLE
  5
3
330
0
100
AcDbSymbolTable
 70
1
  0
STYLE
  5
44
330
3
100
AcDbSymbolTableRecord
100
AcDbTextStyleTableRecord
  2
Standard
 70
0
 40
0.0
 41
1.0
 50
0.0
 71
0
 42
1.0
  3
txt
  4

  0
ENDTAB
  0
TABLE
  2
VIEW
  5
6
330
0
100
AcDbSymbolTable
 70
0
  0
ENDTAB
  0
TABLE
  2
UCS
  5
7
330
0
100
AcDbSymbolTable
 70
0
  0
ENDTAB
  0
TABLE
  2
APPID
  5
9
330
0
100
AcDbSymbolTable
 70
4
  0
APPID
  5
12
330
9
100
AcDbSymbolTableRecord
100
AcDbRegAppTableRecord
  2
ACAD
 70
0
  0
APPID
  5
2008F
330
9
100
AcDbSymbolTableRecord
100
AcDbRegAppTableRecord
  2
ACAD_MLEADERVER
 70
0
  0
APPID
  5
20094
330
9
100
AcDbSymbolTableRecord
100
AcDbRegAppTableRecord
  2
HATCHBACKGROUNDCOLOR
 70
0
  0
APPID
  5
20095
330
9
100
AcDbSymbolTableRecord
100
AcDbRegAppTableRecord
  2
EZDXF
 70
0
  0
ENDTAB
  0
TABLE
  2
DIMSTYLE
  5
A
330
0
100
AcDbSymbolTable
 70
1
100
AcDbDimStyleTable
  0
DIMSTYLE
105
45
330
A
100
AcDbSymbolTableRecord
100
AcDbDimStyleTableRecord
  2
Standard
 70
0
 40
1.0
 41
2.5
 42
0.625
 43
3.75
 44
1.25
 45
0.0
 46
0.0
 47
0.0
 48
0.0
 49
2.5
140
2.5
141
2.5
142
0.0
143
0.03937007874
144
1.0
145
0.0
146
1.0
147
0.625
148
0.0
 69
0
 70
0
 71
0
 72
0
 73
0
 74
0
 75
0
 76
0
 77
1
 78
8
 79
3
170
0
171
3
172
1
173
0
174
0
175
0
176
0
177
0
178
0
179
2
271
2
272
2
273
2
274
3
275
0
276
0
277
2
278
44
279
0
280
0
281
0
282
0
283
0
284
8
285
0
286
0
288
0
289
3
290
0
340
44
371
-2
372
-2
  0
ENDTAB
  0
TABLE
  2
BLOCK_RECORD
  5
1
330
0
100
AcDbSymbolTable
 70
2
  0
BLOCK_RECORD
  5
1F
330
1
100
AcDbSymbolTableRecord
100
AcDbBlockTableRecord
  2
*Model_Space
340
20051
 70
0
280
1
281
0
  0
BLOCK_RECORD
  5
1E
330
1
100
AcDbSymbolTableRecord
100
AcDbBlockTableRecord
  2
*Paper_Space
340
20052
 70
0
280
1
281
0
  0
ENDTAB
  0
ENDSEC
  0
SECTION
  2
BLOCKS
  0
BLOCK
  5
20
330
1F
100
AcDbEntity
  8
0
100
AcDbBlockBegin
  2
*Model_Space
 70
0
 10
0.0
 20
0.0
 30
0.0
  3
*Model_Space
  1

  0
ENDBLK
  5
21
330
1F
100
AcDbEntity
  8
0
100
AcDbBlockEnd
  0
BLOCK
  5
1C
330
1E
100
AcDbEntity
 67
1
  8
0
100
AcDbBlockBegin
  2
*Paper_Space
 70
0
 10
0.0
 20
0.0
 30
0.0
  3
*Paper_Space
  1

  0
ENDBLK
  5
1D
330
1E
100
AcDbEntity
 67
1
  8
0
100
AcDbBlockEnd
  0
ENDSEC
  0
SECTION
  2
ENTITIES
  0
CIRCLE
  5
48
330
1F
100
AcDbEntity
  8
0
  6
Continuous
 62
1
370
0
100
AcDbCircle
 10
216.558534729
 20
69.8984851224
 30
0.0
 40
1.5
  0
CIRCLE
  5
49
330
1F
100
AcDbEntity
  8
0
  6
Continuous
 62
1
370
0
100
AcDbCircle
 10
189.972096715
 20
12.8824051973
 30
0.0
 40
1.5
  0
CIRCLE
  5
4A
330
1F
100
AcDbEntity
  8
0
  6
Continuous
 62
1
370
0
100
AcDbCircle
 10
106.66988
 20
49.713
 30
0.0
 40
1.5
  0
CIRCLE
  5
4B
330
1F
100
AcDbEntity
  8
0
  6
Continuous
 62
1
370
0
100
AcDbCircle
 10
26.263876
 20
53.1193762658
 30
0.0
 40
1.5
  0
LWPOLYLINE
  5
4E
330
1F
100
AcDbEntity
  8
0
 62
1
100
AcDbPolyline
 90
14
 70
1
 10
20.0
 20
52.268
 10
20.0
 20
151.8211
 42
-0.41421356237309503
 10
27.0
 20
158.8211
 10
174.0868
 20
158.8211
 42
-0.41421356237309503
 10
181.0868
 20
151.8211
 10
181.0868
 20
97.80930229290001
 42
0.291482285854
 10
185.128679547
 20
91.4650510854
 10
218.538914615
 20
75.8869321752
 42
-0.414222177701
 10
221.924958355
 20
66.5843739028
 10
195.960571949
 20
10.9030916967
 42
-0.4141910192640001
 10
186.658588995
 20
7.517006893389999
 10
107.090610767
 20
44.6123918682
 42
0.109497510859
 10
104.132792006
 20
45.2680000001
 10
27.0
 20
45.268
 42
-0.414213562373
  0
LWPOLYLINE
  5
4F
330
1F
100
AcDbEntity
  8
0
 62
1
100
AcDbPolyline
 90
53
 70
1
 10
136.870218438
 20
41.5458162663
 10
151.470453385
 20
72.8561211511
 42
0.5486187866269999
 10
150.089240318
 20
75.024191382
 10
135.608141274
 20
75.024191382
 42
0.414213562373
 10
134.084141274
 20
73.500191382
 10
134.084141274
 20
58.26019138199999
 42
-0.414213562373
 10
133.068141274
 20
57.244191382
 10
115.356784292
 20
57.244191382
 42
-0.305614684581
 10
114.414927086
 20
57.87919138199999
 42
0.305614684581
 10
113.002141274
 20
58.83169138199999
 10
97.50814127419999
 20
58.83169138199999
 42
0.305614684581
 10
96.09535546209999
 20
57.87919138199999
 42
-0.305614684581
 10
95.15349825420002
 20
57.244191382
 10
78.4581412742
 20
57.244191382
 42
0.414213562373
 10
76.9341412742
 20
55.72019138199999
 10
76.9341412742
 20
55.085191382
 42
-0.414213562373
 10
75.9181412742
 20
54.069191382
 10
39.34214127420001
 20
54.069191382
 42
-0.414213562373
 10
38.3261412742
 20
55.085191382
 10
38.3261412742
 20
71.595191382
 42
0.414213562373
 10
36.80214127420001
 20
73.119191382
 10
29.89
 20
73.119191382
 42
-0.414213562373
 10
28.89
 20
74.119191382
 10
28.89
 20
148.827191382
 42
-0.414213562373
 10
29.89
 20
149.827191382
 10
74.9021412742
 20
149.827191382
 42
0.414213562373
 10
76.4261412742
 20
151.351191382
 10
76.4261412742
 20
151.986191382
 42
-0.414213562373
 10
77.4421412742
 20
153.002191382
 10
93.9521412742
 20
153.002191382
 42
0.305614684581
 10
95.36492708370001
 20
153.954691382
 42
-0.305614684581
 10
96.3067842916
 20
154.589691382
 10
114.203498254
 20
154.589691382
 42
-0.305614684581
 10
115.145355462
 20
153.954691382
 42
0.305614684581
 10
116.558141274
 20
153.002191382
 10
133.408436748
 20
153.002191382
 42
-0.267949192431
 10
134.288318559
 20
152.494191382
 42
0.267949192431
 10
135.608141274
 20
151.732191382
 10
171.168141274
 20
151.732191382
 42
-0.414213562373
 10
172.184141274
 20
150.716191382
 10
172.184141274
 20
76.040191382
 42
-0.414213562373
 10
171.168141274
 20
75.024191382
 10
158.608741072
 20
75.024191382
 42
0.802584851671
 10
158.17936092
 20
73.0873826699
 10
168.64123441
 20
68.2089309429
 42
0.414213562373
 10
170.666517708
 20
68.94607377959998
 10
177.643945209
 20
83.9092153434
 42
-0.414213562373
 10
178.994134075
 20
84.4006438991
 10
212.143247692
 20
68.9429583599
 42
-0.414213562373
 10
212.63467625
 20
67.5927694943
 10
189.126112823
 20
17.17849253029999
 42
-0.414213562373
 10
187.7759239559999
 20
16.6870639747
 10
137.361646996
 20
40.1956274025
 42
-0.414213562373
  0
CIRCLE
  5
20091
330
1F
100
AcDbEntity
  8
0
 62
1
100
AcDbCircle
 10
26.2639
 20
152.5572
 30
0.0
 40
1.5
  0
CIRCLE
  5
20092
330
1F
100
AcDbEntity
  8
0
 62
1
100
AcDbCircle
 10
121.3333
 20
155.9116
 30
0.0
 40
1.5
  0
CIRCLE
  5
20093
330
1F
100
AcDbEntity
  8
0
 62
1
100
AcDbCircle
 10
174.8166
 20
152.5572
 30
0.0
 40
1.5
  0
CIRCLE
  5
20098
330
1F
100
AcDbEntity
  8
0
 62
1
100
AcDbCircle
 10
26.2639
 20
152.5572
 30
0.0
 40
1.5
  0
CIRCLE
  5
20099
330
1F
100
AcDbEntity
  8
0
 62
1
100
AcDbCircle
 10
121.3333
 20
155.9116
 30
0.0
 40
1.5
  0
CIRCLE
  5
2009A
330
1F
100
AcDbEntity
  8
0
 62
1
100
AcDbCircle
 10
174.8166
 20
152.5572
 30
0.0
 40
1.5
  0
LWPOLYLINE
  5
2009C
330
1F
100
AcDbEntity
  8
KEYCAPS
 62
3
100
AcDbPolyline
 90
8
 70
1
 10
31.6053
 20
155.7959
 10
55.1053
 20
155.7959
 42
-0.41421356237309503
 10
56.6053
 20
154.2959
 10
56.6053
 20
139.7959
 42
-0.41421356237309503
 10
55.1053
 20
138.2959
 10
31.6053
 20
138.2959
 42
-0.41421356237309503
 10
30.1053
 20
139.7959
 10
30.1053
 20
154.2959
 42
-0.41421356237309503
  0
LWPOLYLINE
  5
2009D
330
1F
100
AcDbEntity
  8
KEYCAPS
 62
3
100
AcDbPolyline
 90
8
 70
1
 10
31.6053
 20
136.7459
 10
55.1053
 20
136.7459
 42
-0.41421356237309503
 10
56.6053
 20
135.2459
 10
56.6053
 20
120.7459
 42
-0.41421356237309503
 10
55.1053
 20
119.2459
 10
31.6053
 20
119.2459
 42
-0.41421356237309503
 10
30.1053
 20
120.7459
 10
30.1053
 20
135.2459
 42
-0.41421356237309503
  0
LWPOLYLINE
  5
2009E
330
1F
100
AcDbEntity
  8
KEYCAPS
 62
3
100
AcDbPolyline
 90
8
 70
1
 10
31.6053
 20
117.6959
 10
55.1053
 20
117.6959
 42
-0.41421356237309503
 10
56.6053
 20
116.1959
 10
56.6053
 20
101.6959
 42
-0.41421356237309503
 10
55.1053
 20
100.1959
 10
31.6053
 20
100.1959
 42
-0.41421356237309503
 10
30.1053
 20
101.6959
 10
30.1053
 20
116.1959
 42
-0.41421356237309503
  0
LWPOLYLINE
  5
2009F
330
1F
100
AcDbEntity
  8
KEYCAPS
 62
3
100
AcDbPolyline
 90
8
 70
1
 10
31.6053
 20
98.6459
 10
55.1053
 20
98.6459
 42
-0.41421356237309503
 10
56.6053
 20
97.1459
 10
56.6053
 20
82.6459
 42
-0.41421356237309503
 10
55.1053
 20
81.1459
 10
31.6053
 20
81.1459
 42
-0.41421356237309503
 10
30.1053
 20
82.6459
 10
30.1053
 20
97.1459
 42
-0.41421356237309503
  0
LWPOLYLINE
  5
200A0
330
1F
100
AcDbEntity
  8
KEYCAPS
 62
3
100
AcDbPolyline
 90
8
 70
1
 10
59.9178
 20
155.7959
 10
74.4178
 20
155.7959
 42
-0.41421356237309503
 10
75.9178
 20
154.2959
 10
75.9178
 20
139.7959
 42
-0.41421356237309503
 10
74.4178
 20
138.2959
 10
59.9178
 20
138.2959
 42
-0.41421356237309503
 10
58.4178
 20
139.7959
 10
58.4178
 20
154.2959
 42
-0.41421356237309503
  0
LWPOLYLINE
  5
200A1
330
1F
100
AcDbEntity
  8
KEYCAPS
 62
3
100
AcDbPolyline
 90
8
 70
1
 10
59.9178
 20
136.7459
 10
74.4178
 20
136.7459
 42
-0.41421356237309503
 10
75.9178
 20
135.2459
 10
75.9178
 20
120.7459
 42
-0.41421356237309503
 10
74.4178
 20
119.2459
 10
59.9178
 20
119.2459
 42
-0.41421356237309503
 10
58.4178
 20
120.7459
 10
58.4178
 20
135.2459
 42
-0.41421356237309503
  0
LWPOLYLINE
  5
200A2
330
1F
100
AcDbEntity
  8
KEYCAPS
 62
3
100
AcDbPolyline
 90
8
 70
1
 10
59.9178
 20
117.6959
 10
74.4178
 20
117.6959
 42
-0.41421356237309503
 10
75.9178
 20
116.1959
 10
75.9178
 20
101.6959
 42
-0.41421356237309503
 10
74.4178
 20
100.1959
 10
59.9178
 20
100.1959
 42
-0.41421356237309503
 10
58.4178
 20
101.6959
 10
58.4178
 20
116.1959
 42
-0.41421356237309503
  0
LWPOLYLINE
  5
200A3
330
1F
100
AcDbEntity
  8
KEYCAPS
 62
3
100
AcDbPolyline
 90
8
 70
1
 10
59.9178
 20
98.6459
 10
74.4178
 20
98.6459
 42
-0.41421356237309503
 10
75.9178
 20
97.1459
 10
75.9178
 20
82.6459
 42
-0.41421356237309503
 10
74.4178
 20
81.1459
 10
59.9178
 20
81.1459
 42
-0.41421356237309503
 10
58.4178
 20
82.6459
 10
58.4178
 20
97.1459
 42
-0.41421356237309503
  0
LWPOLYLINE
  5
200A4
330
1F
100
AcDbEntity
  8
KEYCAPS
 62
3
100
AcDbPolyline
 90
8
 70
1
 10
59.9178
 20
72.6134
 10
74.4178
 20
72.6134
 42
-0.41421356237309503
 10
75.9178
 20
71.1134
 10
75.9178
 20
56.6134
 42
-0.41421356237309503
 10
74.4178
 20
55.1134
 10
59.9178
 20
55.1134
 42
-0.41421356237309503
 10
58.4178
 20
56.6134
 10
58.4178
 20
71.1134
 42
-0.41421356237309503
  0
LWPOLYLINE
  5
200A5
330
1F
100
AcDbEntity
  8
KEYCAPS
 62
3
100
AcDbPolyline
 90
8
 70
1
 10
40.8678
 20
72.6134
 10
55.3678
 20
72.6134
 42
-0.41421356237309503
 10
56.8678
 20
71.1134
 10
56.8678
 20
56.6134
 42
-0.41421356237309503
 10
55.3678
 20
55.1134
 10
40.8678
 20
55.1134
 42
-0.41421356237309503
 10
39.3678
 20
56.6134
 10
39.3678
 20
71.1134
 42
-0.41421356237309503
  0
LWPOLYLINE
  5
200A6
330
1F
100
AcDbEntity
  8
KEYCAPS
 62
3
100
AcDbPolyline
 90
8
 70
1
 10
78.9678
 20
158.9734
 10
93.4678
 20
158.9734
 42
-0.41421356237309503
 10
94.9678
 20
157.4734
 10
94.9678
 20
142.9734
 42
-0.41421356237309503
 10
93.4678
 20
141.4734
 10
78.9678
 20
141.4734
 42
-0.41421356237309503
 10
77.4678
 20
142.9734
 10
77.4678
 20
157.4734
 42
-0.41421356237309503
  0
LWPOLYLINE
  5
200A7
330
1F
100
AcDbEntity
  8
KEYCAPS
 62
3
100
AcDbPolyline
 90
8
 70
1
 10
78.9678
 20
139.9234
 10
93.4678
 20
139.9234
 42
-0.41421356237309503
 10
94.9678
 20
138.4234
 10
94.9678
 20
123.92339999999999
 42
-0.41421356237309503
 10
93.4678
 20
122.42339999999999
 10
78.9678
 20
122.42339999999999
 42
-0.41421356237309503
 10
77.4678
 20
123.92339999999999
 10
77.4678
 20
138.4234
 42
-0.41421356237309503
  0
LWPOLYLINE
  5
200A8
330
1F
100
AcDbEntity
  8
KEYCAPS
 62
3
100
AcDbPolyline
 90
8
 70
1
 10
78.9678
 20
120.8734
 10
93.4678
 20
120.8734
 42
-0.41421356237309503
 10
94.9678
 20
119.3734
 10
94.9678
 20
104.8734
 42
-0.41421356237309503
 10
93.4678
 20
103.3734
 10
78.9678
 20
103.3734
 42
-0.41421356237309503
 10
77.4678
 20
104.8734
 10
77.4678
 20
119.3734
 42
-0.41421356237309503
  0
LWPOLYLINE
  5
200A9
330
1F
100
AcDbEntity
  8
KEYCAPS
 62
3
100
AcDbPolyline
 90
8
 70
1
 10
78.9678
 20
101.8234
 10
93.4678
 20
101.8234
 42
-0.41421356237309503
 10
94.9678
 20
100.3234
 10
94.9678
 20
85.8234
 42
-0.41421356237309503
 10
93.4678
 20
84.3234
 10
78.9678
 20
84.3234
 42
-0.41421356237309503
 10
77.4678
 20
85.8234
 10
77.4678
 20
100.3234
 42
-0.41421356237309503
  0
LWPOLYLINE
  5
200AA
330
1F
100
AcDbEntity
  8
KEYCAPS
 62
3
100
AcDbPolyline
 90
8
 70
1
 10
78.9678
 20
82.7734
 10
93.4678
 20
82.7734
 42
-0.41421356237309503
 10
94.9678
 20
81.2734
 10
94.9678
 20
66.7734
 42
-0.41421356237309503
 10
93.4678
 20
65.2734
 10
78.9678
 20
65.2734
 42
-0.41421356237309503
 10
77.4678
 20
66.7734
 10
77.4678
 20
81.2734
 42
-0.41421356237309503
  0
LWPOLYLINE
  5
200AB
330
1F
100
AcDbEntity
  8
KEYCAPS
 62
3
100
AcDbPolyline
 90
8
 70
1
 10
98.0178
 20
160.5711
 10
112.5178
 20
160.5711
 42
-0.41421356237309503
 10
114.0178
 20
159.0711
 10
114.0178
 20
144.5711
 42
-0.41421356237309503
 10
112.5178
 20
143.0711
 10
98.0178
 20
143.0711
 42
-0.41421356237309503
 10
96.5178
 20
144.5711
 10
96.5178
 20
159.0711
 42
-0.41421356237309503
  0
LWPOLYLINE
  5
200AC
330
1F
100
AcDbEntity
  8
KEYCAPS
 62
3
100
AcDbPolyline
 90
8
 70
1
 10
98.0178
 20
141.5211
 10
112.5178
 20
141.5211
 42
-0.41421356237309503
 10
114.0178
 20
140.0211
 10
114.0178
 20
125.52109999999999
 42
-0.41421356237309503
 10
112.5178
 20
124.02109999999999
 10
98.0178
 20
124.02109999999999
 42
-0.41421356237309503
 10
96.5178
 20
125.52109999999999
 10
96.5178
 20
140.0211
 42
-0.41421356237309503
  0
LWPOLYLINE
  5
200AD
330
1F
100
AcDbEntity
  8
KEYCAPS
 62
3
100
AcDbPolyline
 90
8
 70
1
 10
98.0178
 20
122.4711
 10
112.5178
 20
122.4711
 42
-0.41421356237309503
 10
114.0178
 20
120.9711
 10
114.0178
 20
106.4711
 42
-0.41421356237309503
 10
112.5178
 20
104.9711
 10
98.0178
 20
104.9711
 42
-0.41421356237309503
 10
96.5178
 20
106.4711
 10
96.5178
 20
120.9711
 42
-0.41421356237309503
  0
LWPOLYLINE
  5
200AE
330
1F
100
AcDbEntity
  8
KEYCAPS
 62
3
100
AcDbPolyline
 90
8
 70
1
 10
98.0178
 20
103.4211
 10
112.5178
 20
103.4211
 42
-0.41421356237309503
 10
114.0178
 20
101.9211
 10
114.0178
 20
87.4211
 42
-0.41421356237309503
 10
112.5178
 20
85.9211
 10
98.0178
 20
85.9211
 42
-0.41421356237309503
 10
96.5178
 20
87.4211
 10
96.5178
 20
101.9211
 42
-0.41421356237309503
  0
LWPOLYLINE
  5
200AF
330
1F
100
AcDbEntity
  8
KEYCAPS
 62
3
100
AcDbPolyline
 90
8
 70
1
 10
98.0178
 20
84.3711
 10
112.5178
 20
84.3711
 42
-0.41421356237309503
 10
114.0178
 20
82.8711
 10
114.0178
 20
68.3711
 42
-0.41421356237309503
 10
112.5178
 20
66.8711
 10
98.0178
 20
66.8711
 42
-0.41421356237309503
 10
96.5178
 20
68.3711
 10
96.5178
 20
82.8711
 42
-0.41421356237309503
  0
LWPOLYLINE
  5
200B0
330
1F
100
AcDbEntity
  8
KEYCAPS
 62
3
100
AcDbPolyline
 90
8
 70
1
 10
117.0678
 20
158.9734
 10
131.5678
 20
158.9734
 42
-0.41421356237309503
 10
133.0678
 20
157.4734
 10
133.0678
 20
142.9734
 42
-0.41421356237309503
 10
131.5678
 20
141.4734
 10
117.0678
 20
141.4734
 42
-0.41421356237309503
 10
115.5678
 20
142.9734
 10
115.5678
 20
157.4734
 42
-0.41421356237309503
  0
LWPOLYLINE
  5
200B1
330
1F
100
AcDbEntity
  8
KEYCAPS
 62
3
100
AcDbPolyline
 90
8
 70
1
 10
117.0678
 20
139.9234
 10
131.5678
 20
139.9234
 42
-0.41421356237309503
 10
133.0678
 20
138.4234
 10
133.0678
 20
123.92339999999999
 42
-0.41421356237309503
 10
131.5678
 20
122.42339999999999
 10
117.0678
 20
122.42339999999999
 42
-0.41421356237309503
 10
115.5678
 20
123.92339999999999
 10
115.5678
 20
138.4234
 42
-0.41421356237309503
  0
LWPOLYLINE
  5
200B2
330
1F
100
AcDbEntity
  8
KEYCAPS
 62
3
100
AcDbPolyline
 90
8
 70
1
 10
117.0678
 20
120.8734
 10
131.5678
 20
120.8734
 42
-0.41421356237309503
 10
133.0678
 20
119.3734
 10
133.0678
 20
104.8734
 42
-0.41421356237309503
 10
131.5678
 20
103.3734
 10
117.0678
 20
103.3734
 42
-0.41421356237309503
 10
115.5678
 20
104.8734
 10
115.5678
 20
119.3734
 42
-0.41421356237309503
  0
LWPOLYLINE
  5
200B3
330
1F
100
AcDbEntity
  8
KEYCAPS
 62
3
100
AcDbPolyline
 90
8
 70
1
 10
117.0678
 20
101.8234
 10
131.5678
 20
101.8234
 42
-0.41421356237309503
 10
133.0678
 20
100.3234
 10
133.0678
 20
85.8234
 42
-0.41421356237309503
 10
131.5678
 20
84.3234
 10
117.0678
 20
84.3234
 42
-0.41421356237309503
 10
115.5678
 20
85.8234
 10
115.5678
 20
100.3234
 42
-0.41421356237309503
  0
LWPOLYLINE
  5
200B4
330
1F
100
AcDbEntity
  8
KEYCAPS
 62
3
100
AcDbPolyline
 90
8
 70
1
 10
117.0678
 20
82.7734
 10
131.5678
 20
82.7734
 42
-0.41421356237309503
 10
133.0678
 20
81.2734
 10
133.0678
 20
66.7734
 42
-0.41421356237309503
 10
131.5678
 20
65.2734
 10
117.0678
 20
65.2734
 42
-0.41421356237309503
 10
115.5678
 20
66.7734
 10
115.5678
 20
81.2734
 42
-0.41421356237309503
  0
LWPOLYLINE
  5
200B5
330
1F
100
AcDbEntity
  8
KEYCAPS
 62
3
100
AcDbPolyline
 90
8
 70
1
 10
136.1178
 20
155.2159
 10
150.6178
 20
155.2159
 42
-0.41421356237309503
 10
152.1178
 20
153.7159
 10
152.1178
 20
130.2159
 42
-0.41421356237309503
 10
150.6178
 20
128.7159
 10
136.1178
 20
128.7159
 42
-0.41421356237309503
 10
134.6178
 20
130.2159
 10
134.6178
 20
153.7159
 42
-0.41421356237309503
  0
LWPOLYLINE
  5
200B6
330
1F
100
AcDbEntity
  8
KEYCAPS
 62
3
100
AcDbPolyline
 90
8
 70
1
 10
136.1178
 20
126.6434
 10
150.6178
 20
126.6434
 42
-0.41421356237309503
 10
152.1178
 20
125.1434
 10
152.1178
 20
101.6434
 42
-0.41421356237309503
 10
150.6178
 20
100.1434
 10
136.1178
 20
100.1434
 42
-0.41421356237309503
 10
134.6178
 20
101.6434
 10
134.6178
 20
125.1434
 42
-0.41421356237309503
  0
LWPOLYLINE
  5
200B7
330
1F
100
AcDbEntity
  8
KEYCAPS
 62
3
100
AcDbPolyline
 90
8
 70
1
 10
158.5229426898817
 20
80.2200456175206
 10
171.66440560191313
 20
74.09208082228045
 42
-0.41421356237309503
 10
172.38993988985706
 20
72.09869174911444
 10
158.6548463832843
 20
42.643688670423316
 42
-0.41421356237309503
 10
156.6614573101183
 20
41.918154382479386
 10
143.51999439808685
 20
48.04611917771953
 42
-0.41421356237309503
 10
142.79446011014292
 20
50.039508250885554
 10
156.52955361671567
 20
79.49451132957667
 42
-0.41421356237309503
  0
LWPOLYLINE
  5
200B8
330
1F
100
AcDbEntity
  8
KEYCAPS
 62
3
100
AcDbPolyline
 90
8
 70
1
 10
175.6637426898817
 20
79.08594561752061
 10
188.80520560191314
 20
72.95798082228046
 42
-0.41421356237309503
 10
189.53073988985707
 20
70.96459174911445
 10
175.79564638328432
 20
41.50958867042332
 42
-0.41421356237309503
 10
173.8022573101183
 20
40.7840543824794
 10
160.66079439808686
 20
46.91201917771954
 42
-0.41421356237309503
 10
159.93526011014293
 20
48.905408250885564
 10
173.6703536167157
 20
78.36041132957669
 42
-0.41421356237309503
  0
LWPOLYLINE
  5
200B9
330
1F
100
AcDbEntity
  8
KEYCAPS
 62
3
100
AcDbPolyline
 90
8
 70
1
 10
146.9397783342154
 20
57.74237553419076
 10
160.08124124624683
 20
51.61441073895061
 42
-0.41421356237309503
 10
160.80677553419076
 20
49.62102166578459
 10
154.67881073895063
 20
36.47955875375316
 42
-0.41421356237309503
 10
152.68542166578462
 20
35.75402446580924
 10
139.54395875375317
 20
41.881989261049384
 42
-0.41421356237309503
 10
138.81842446580924
 20
43.875378334215405
 10
144.94638926104938
 20
57.016841246246834
 42
-0.41421356237309503
  0
LWPOLYLINE
  5
200BA
330
1F
100
AcDbEntity
  8
KEYCAPS
 62
3
100
AcDbPolyline
 90
8
 70
1
 10
162.22297833421538
 20
49.92787553419076
 10
175.36444124624683
 20
43.799910738950615
 42
-0.41421356237309503
 10
176.08997553419076
 20
41.806521665784594
 10
169.96201073895062
 20
28.66505875375317
 42
-0.41421356237309503
 10
167.9686216657846
 20
27.939524465809242
 10
154.82715875375317
 20
34.06748926104939
 42
-0.41421356237309503
 10
154.10162446580924
 20
36.06087833421541
 10
160.22958926104937
 20
49.20234124624684
 42
-0.41421356237309503
  0
LWPOLYLINE
  5
200BB
330
1F
100
AcDbEntity
  8
KEYCAPS
 62
3
100
AcDbPolyline
 90
8
 70
1
 10
176.2069783342154
 20
53.45937553419076
 10
189.34844124624684
 20
47.331410738950616
 42
-0.41421356237309503
 10
190.07397553419077
 20
45.338021665784595
 10
183.94601073895063
 20
32.196558753753166
 42
-0.41421356237309503
 10
181.95262166578462
 20
31.471024465809244
 10
168.81115875375318
 20
37.59898926104939
 42
-0.41421356237309503
 10
168.08562446580925
 20
39.59237833421541
 10
174.21358926104938
 20
52.73384124624684
 42
-0.41421356237309503
  0
LWPOLYLINE
  5
200BC
330
1F
100
AcDbEntity
  8
KEYCAPS
 62
3
100
AcDbPolyline
 90
8
 70
1
 10
166.5073783342154
 20
64.31237553419076
 10
179.64884124624683
 20
58.18441073895061
 42
-0.41421356237309503
 10
180.37437553419076
 20
56.19102166578459
 10
174.24641073895063
 20
43.04955875375316
 42
-0.41421356237309503
 10
172.25302166578462
 20
42.32402446580924
 10
159.11155875375317
 20
48.451989261049384
 42
-0.41421356237309503
 10
158.38602446580924
 20
50.445378334215405
 10
164.51398926104937
 20
63.586841246246834
 42
-0.41421356237309503
  0
LWPOLYLINE
  5
200BD
330
1F
100
AcDbEntity
  8
KEYCAPS
 62
3
100
AcDbPolyline
 90
8
 70
1
 10
172.71347833421538
 20
38.917875534190756
 10
185.85494124624682
 20
32.78991073895062
 42
-0.41421356237309503
 10
186.58047553419075
 20
30.79652166578459
 10
180.45251073895062
 20
17.65505875375317
 42
-0.41421356237309503
 10
178.4591216657846
 20
16.929524465809244
 10
165.31765875375316
 20
23.057489261049383
 42
-0.41421356237309503
 10
164.59212446580923
 20
25.050878334215408
 10
170.72008926104937
 20
38.192341246246826
 42
-0.41421356237309503
  0
ENDSEC
  0
SECTION
  2
OBJECTS
  0
DICTIONARY
  5
C
330
0
100
AcDbDictionary
281
1
  3
ACAD_COLOR
350
20036
  3
ACAD_GROUP
350
D
  3
ACAD_LAYOUT
350
2004F
  3
ACAD_MATERIAL
350
20004
  3
ACAD_MLEADERSTYLE
350
2004D
  3
ACAD_MLINESTYLE
350
20039
  3
ACAD_PLOTSETTINGS
350
20050
  3
ACAD_PLOTSTYLENAME
350
20002
  3
ACAD_SCALELIST
350
2003B
  3
ACAD_TABLESTYLE
350
20037
  3
ACAD_VISUALSTYLE
350
2001D
  3
ACDB_RECOMPOSE_DATA
350
2005E
  3
AcDbVariableDictionary
350
20057
  3
EZDXF_META
350
20096
  0
DICTIONARY
  5
20036
102
{ACAD_REACTORS
330
C
102
}
330
C
100
AcDbDictionary
281
1
  0
DICTIONARY
  5
D
330
C
100
AcDbDictionary
281
1
  0
DICTIONARY
  5
2004F
102
{ACAD_REACTORS
330
C
102
}
330
C
100
AcDbDictionary
281
1
  3
Layout1
350
20052
  3
Model
350
20051
  0
DICTIONARY
  5
20004
102
{ACAD_REACTORS
330
C
102
}
330
C
100
AcDbDictionary
281
1
  3
ByBlock
350
2000D
  3
ByLayer
350
20005
  3
Global
350
20015
  0
DICTIONARY
  5
2004D
102
{ACAD_REACTORS
330
C
102
}
330
C
100
AcDbDictionary
281
1
  3
Standard
350
2004E
  0
DICTIONARY
  5
20039
102
{ACAD_REACTORS
330
C
102
}
330
C
100
AcDbDictionary
281
1
  3
Standard
350
2003A
  0
DICTIONARY
  5
20050
102
{ACAD_REACTORS
330
C
102
}
330
C
100
AcDbDictionary
281
1
  0
ACDBDICTIONARYWDFLT
  5
20002
102
{ACAD_REACTORS
330
C
102
}
330
C
100
AcDbDictionary
281
1
  3
Normal
350
20003
100
AcDbDictionaryWithDefault
340
20003
  0
DICTIONARY
  5
2003B
102
{ACAD_REACTORS
330
C
102
}
330
C
100
AcDbDictionary
281
1
  3
A0
350
2003C
  3
A1
350
2003D
  3
A2
350
2003E
  3
A3
350
2003F
  3
A4
350
20040
  3
A5
350
20041
  3
A6
350
20042
  3
A7
350
20043
  3
A8
350
20044
  3
A9
350
20045
  3
B0
350
20046
  3
B1
350
20047
  3
B2
350
20048
  3
B3
350
20049
  3
B4
350
2004A
  3
B5
350
2004B
  3
B6
350
2004C
  0
DICTIONARY
  5
20037
102
{ACAD_REACTORS
330
C
102
}
330
C
100
AcDbDictionary
281
1
  3
Standard
350
20038
  0
DICTIONARY
  5
2001D
102
{ACAD_REACTORS
330
C
102
}
330
C
100
AcDbDictionary
281
1
  3
2dWireframe
350
20023
  3
Basic
350
20022
  3
Brighten
350
20029
  3
ColorChange
350
2002D
  3
Conceptual
350
20026
  3
Dim
350
20028
  3
EdgeColorOff
350
20035
  3
Facepattern
350
2002C
  3
Flat
350
2001E
  3
FlatWithEdges
350
2001F
  3
Gouraud
350
20020
  3
GouraudWithEdges
350
20021
  3
Hidden
350
20025
  3
JitterOff
350
20033
  3
Linepattern
350
2002B
  3
OverhangOff
350
20034
  3
Realistic
350
20027
  3
Shaded
350
20032
  3
Shaded with edges
350
20031
  3
Shades of Gray
350
2002E
  3
Sketchy
350
2002F
  3
Thicken
350
2002A
  3
Wireframe
350
20024
  3
X-Ray
350
20030
  0
XRECORD
  5
2005E
102
{ACAD_REACTORS
330
C
102
}
330
C
100
AcDbXrecord
280
1
 90
1
330
20038
  0
DICTIONARY
  5
20057
102
{ACAD_REACTORS
330
C
102
}
330
C
100
AcDbDictionary
281
1
  3
CANNOSCALE
350
2005A
  3
CMLEADERSTYLE
350
20059
  3
CTABLESTYLE
350
20058
  3
XCLIPFRAME
350
2005B
  0
LAYOUT
  5
20052
102
{ACAD_REACTORS
330
2004F
102
}
330
2004F
100
AcDbPlotSettings
  1

  2
KONICA MINOLTA C364SeriesPCL
  4

  6

 40
0.0
 41
0.0
 42
0.0
 43
0.0
 44
0.0
 45
0.0
 46
0.0
 47
0.0
 48
0.0
 49
0.0
140
0.0
141
0.0
142
1.0
143
1.0
 70
688
 72
0
 73
0
 74
5
  7

 75
16
 76
0
 77
2
 78
300
147
1.0
148
0.0
149
0.0
100
AcDbLayout
  1
Layout1
 70
1
 71
1
 10
0.0
 20
0.0
 11
12.0
 21
9.0
 12
0.0
 22
0.0
 32
0.0
 14
1e+20
 24
1e+20
 34
1e+20
 15
-1e+20
 25
-1e+20
 35
-1e+20
146
0.0
 13
0.0
 23
0.0
 33
0.0
 16
1.0
 26
0.0
 36
0.0
 17
0.0
 27
1.0
 37
0.0
 76
0
330
1E
  0
LAYOUT
  5
20051
102
{ACAD_REACTORS
330
2004F
102
}
330
2004F
100
AcDbPlotSettings
  1

  2
KONICA MINOLTA C364SeriesPCL
  4

  6

 40
0.0
 41
0.0
 42
0.0
 43
0.0
 44
0.0
 45
0.0
 46
0.0
 47
0.0
 48
0.0
 49
0.0
140
0.0
141
0.0
142
1.0
143
1.0
 70
1712
 72
0
 73
0
 74
0
  7

 75
0
 76
0
 77
2
 78
300
147
1.0
148
0.0
149
0.0
100
AcDbLayout
  1
Model
 70
1
 71
0
 10
0.0
 20
0.0
 11
12.0
 21
9.0
 12
0.0
 22
0.0
 32
0.0
 14
0.0
 24
0.0
 34
0.0
 15
0.0
 25
0.0
 35
0.0
146
0.0
 13
0.0
 23
0.0
 33
0.0
 16
1.0
 26
0.0
 36
0.0
 17
0.0
 27
1.0
 37
0.0
 76
0
330
1F
331
31
  0
MATERIAL
  5
2000D
102
{ACAD_XDICTIONARY
360
2000E
102
}
102
{ACAD_REACTORS
330
20004
102
}
330
20004
100
AcDbMaterial
  1
ByBlock
  2

 70
0
 40
1.0
 71
0
 41
1.0
 91
-1023410177
 42
1.0
 72
0
  3

 73
1
 74
1
 75
1
 43
0.0008202099737533
 43
0.0
 43
0.0
 43
0.0
 43
0.0
 43
0.0008202099737533
 43
0.0
 43
0.0
 43
0.0
 43
0.0
 43
1.0
 43
0.0
 43
0.0
 43
0.0
 43
0.0
 43
1.0
 44
0.5
 73
0
 45
1.0
 46
1.0
 77
0
  4

 78
1
 79
1
170
1
 47
0.0008202099737533
 47
0.0
 47
0.0
 47
0.0
 47
0.0
 47
0.0008202099737533
 47
0.0
 47
0.0
 47
0.0
 47
0.0
 47
1.0
 47
0.0
 47
0.0
 47
0.0
 47
0.0
 47
1.0
 48
1.0
171
0
  6

172
1
173
1
174
1
 49
0.0008202099737533
 49
0.0
 49
0.0
 49
0.0
 49
0.0
 49
0.0008202099737533
 49
0.0
 49
0.0
 49
0.0
 49
0.0
 49
1.0
 49
0.0
 49
0.0
 49
0.0
 49
0.0
 49
1.0
140
1.0
141
1.0
175
0
  7

176
1
177
1
178
1
142
0.0008202099737533
142
0.0
142
0.0
142
0.0
142
0.0
142
0.0008202099737533
142
0.0
142
0.0
142
0.0
142
0.0
142
1.0
142
0.0
142
0.0
142
0.0
142
0.0
142
1.0
143
1.0
179
0
  8

270
1
271
1
272
1
144
0.0008202099737533
144
0.0
144
0.0
144
0.0
144
0.0
144
0.0008202099737533
144
0.0
144
0.0
144
0.0
144
0.0
144
1.0
144
0.0
144
0.0
144
0.0
144
0.0
144
1.0
145
1.0
146
1.0
273
1
  9

274
1
275
1
276
1
147
0.0008202099737533
147
0.0
147
0.0
147
0.0
147
0.0
147
0.0008202099737533
147
0.0
147
0.0
147
0.0
147
0.0
147
1.0
147
0.0
147
0.0
147
0.0
147
0.0
147
1.0
 42
1.0
 72
1
  3

 73
1
 74
1
 75
1
 94
63
  0
MATERIAL
  5
20005
102
{ACAD_XDICTIONARY
360
20006
102
}
102
{ACAD_REACTORS
330
20004
102
}
330
20004
100
AcDbMaterial
  1
ByLayer
  2

 70
0
 40
1.0
 71
0
 41
1.0
 91
-1023410177
 42
1.0
 72
0
  3

 73
1
 74
1
 75
1
 43
0.0008202099737533
 43
0.0
 43
0.0
 43
0.0
 43
0.0
 43
0.0008202099737533
 43
0.0
 43
0.0
 43
0.0
 43
0.0
 43
1.0
 43
0.0
 43
0.0
 43
0.0
 43
0.0
 43
1.0
 44
0.5
 73
0
 45
1.0
 46
1.0
 77
0
  4

 78
1
 79
1
170
1
 47
0.0008202099737533
 47
0.0
 47
0.0
 47
0.0
 47
0.0
 47
0.0008202099737533
 47
0.0
 47
0.0
 47
0.0
 47
0.0
 47
1.0
 47
0.0
 47
0.0
 47
0.0
 47
0.0
 47
1.0
 48
1.0
171
0
  6

172
1
173
1
174
1
 49
0.0008202099737533
 49
0.0
 49
0.0
 49
0.0
 49
0.0
 49
0.0008202099737533
 49
0.0
 49
0.0
 49
0.0
 49
0.0
 49
1.0
 49
0.0
 49
0.0
 49
0.0
 49
0.0
 49
1.0
140
1.0
141
1.0
175
0
  7

176
1
177
1
178
1
142
0.0008202099737533
142
0.0
142
0.0
142
0.0
142
0.0
142
0.0008202099737533
142
0.0
142
0.0
142
0.0
142
0.0
142
1.0
142
0.0
142
0.0
142
0.0
142
0.0
142
1.0
143
1.0
179
0
  8

270
1
271
1
272
1
144
0.0008202099737533
144
0.0
144
0.0
144
0.0
144
0.0
144
0.0008202099737533
144
0.0
144
0.0
144
0.0
144
0.0
144
1.0
144
0.0
144
0.0
144
0.0
144
0.0
144
1.0
145
1.0
146
1.0
273
1
  9

274
1
275
1
276
1
147
0.0008202099737533
147
0.0
147
0.0
147
0.0
147
0.0
147
0.0008202099737533
147
0.0
147
0.0
147
0.0
147
0.0
147
1.0
147
0.0
147
0.0
147
0.0
147
0.0
147
1.0
 42
1.0
 72
1
  3

 73
1
 74
1
 75
1
 94
63
  0
MATERIAL
  5
20015
102
{ACAD_XDICTIONARY
360
20016
102
}
102
{ACAD_REACTORS
330
20004
102
}
330
20004
100
AcDbMaterial
  1
Global
  2

 70
0
 40
1.0
 71
0
 41
1.0
 91
-1023410177
 42
1.0
 72
0
  3

 73
1
 74
1
 75
1
 43
0.0008202099737533
 43
0.0
 43
0.0
 43
0.0
 43
0.0
 43
0.0008202099737533
 43
0.0
 43
0.0
 43
0.0
 43
0.0
 43
1.0
 43
0.0
 43
0.0
 43
0.0
 43
0.0
 43
1.0
 44
0.5
 73
0
 45
1.0
 46
1.0
 77
0
  4

 78
1
 79
1
170
1
 47
0.0008202099737533
 47
0.0
 47
0.0
 47
0.0
 47
0.0
 47
0.0008202099737533
 47
0.0
 47
0.0
 47
0.0
 47
0.0
 47
1.0
 47
0.0
 47
0.0
 47
0.0
 47
0.0
 47
1.0
 48
1.0
171
0
  6

172
1
173
1
174
1
 49
0.0008202099737533
 49
0.0
 49
0.0
 49
0.0
 49
0.0
 49
0.0008202099737533
 49
0.0
 49
0.0
 49
0.0
 49
0.0
 49
1.0
 49
0.0
 49
0.0
 49
0.0
 49
0.0
 49
1.0
140
1.0
141
1.0
175
0
  7

176
1
177
1
178
1
142
0.0008202099737533
142
0.0
142
0.0
142
0.0
142
0.0
142
0.0008202099737533
142
0.0
142
0.0
142
0.0
142
0.0
142
1.0
142
0.0
142
0.0
142
0.0
142
0.0
142
1.0
143
1.0
179
0
  8

270
1
271
1
272
1
144
0.0008202099737533
144
0.0
144
0.0
144
0.0
144
0.0
144
0.0008202099737533
144
0.0
144
0.0
144
0.0
144
0.0
144
1.0
144
0.0
144
0.0
144
0.0
144
0.0
144
1.0
145
1.0
146
1.0
273
1
  9

274
1
275
1
276
1
147
0.0008202099737533
147
0.0
147
0.0
147
0.0
147
0.0
147
0.0008202099737533
147
0.0
147
0.0
147
0.0
147
0.0
147
1.0
147
0.0
147
0.0
147
0.0
147
0.0
147
1.0
 42
1.0
 72
1
  3

 73
1
 74
1
 75
1
 94
63
  0
MLEADERSTYLE
  5
2004E
102
{ACAD_REACTORS
330
2004D
102
}
330
2004D
100
AcDbMLeaderStyle
179
2
170
2
171
1
172
0
 90
2
 40
0.0
 41
0.0
173
1
 91
-1056964608
340
14
 92
-2
290
1
 42
0.09
291
1
 43
0.36
  3
Standard
 44
0.18
300

342
44
174
1
175
1
176
0
178
6
 93
-1056964608
 45
0.18
292
0
297
0
 46
0.18
293
1
 94
-1056964608
 47
1.0
 49
1.0
140
1.0
294
1
141
0.0
177
0
142
1.0
295
0
296
0
143
0.125
271
0
272
9
273
9
1001
ACAD_MLEADERVER
1070
2
  0
MLINESTYLE
  5
2003A
102
{ACAD_REACTORS
330
20039
102
}
330
20039
100
AcDbMlineStyle
  2
STANDARD
 70
0
  3

 62
256
 51
90.0
 52
90.0
 71
2
 49
0.5
 62
256
  6
BYLAYER
 49
-0.5
 62
256
  6
BYLAYER
  0
ACDBPLACEHOLDER
  5
20003
102
{ACAD_REACTORS
330
20002
102
}
330
20002
  0
SCALE
  5
2003C
102
{ACAD_REACTORS
330
2003B
102
}
330
2003B
100
AcDbScale
 70
0
300
1:1
140
1.0
141
1.0
290
1
  0
SCALE
  5
2003D
102
{ACAD_REACTORS
330
2003B
102
}
330
2003B
100
AcDbScale
 70
0
300
1/128" = 1'-0"
140
0.0078125
141
12.0
290
0
  0
SCALE
  5
2003E
102
{ACAD_REACTORS
330
2003B
102
}
330
2003B
100
AcDbScale
 70
0
300
1/64" = 1'-0"
140
0.015625
141
12.0
290
0
  0
SCALE
  5
2003F
102
{ACAD_REACTORS
330
2003B
102
}
330
2003B
100
AcDbScale
 70
0
300
1/32" = 1'-0"
140
0.03125
141
12.0
290
0
  0
SCALE
  5
20040
102
{ACAD_REACTORS
330
2003B
102
}
330
2003B
100
AcDbScale
 70
0
300
1/16" = 1'-0"
140
0.0625
141
12.0
290
0
  0
SCALE
  5
20041
102
{ACAD_REACTORS
330
2003B
102
}
330
2003B
100
AcDbScale
 70
0
300
3/32" = 1'-0"
140
0.09375
141
12.0
290
0
  0
SCALE
  5
20042
102
{ACAD_REACTORS
330
2003B
102
}
330
2003B
100
AcDbScale
 70
0
300
1/8" = 1'-0"
140
0.125
141
12.0
290
0
  0
SCALE
  5
20043
102
{ACAD_REACTORS
330
2003B
102
}
330
2003B
100
AcDbScale
 70
0
300
3/16" = 1'-0"
140
0.1875
141
12.0
290
0
  0
SCALE
  5
20044
102
{ACAD_REACTORS
330
2003B
102
}
330
2003B
100
AcDbScale
 70
0
300
1/4" = 1'-0"
140
0.25
141
12.0
290
0
  0
SCALE
  5
20045
102
{ACAD_REACTORS
330
2003B
102
}
330
2003B
100
AcDbScale
 70
0
300
3/8" = 1'-0"
140
0.375
141
12.0
290
0
  0
SCALE
  5
20046
102
{ACAD_REACTORS
330
2003B
102
}
330
2003B
100
AcDbScale
 70
0
300
1/2" = 1'-0"
140
0.5
141
12.0
290
0
  0
SCALE
  5
20047
102
{ACAD_REACTORS
330
2003B
102
}
330
2003B
100
AcDbScale
 70
0
300
3/4" = 1'-0"
140
0.75
141
12.0
290
0
  0
SCALE
  5
20048
102
{ACAD_REACTORS
330
2003B
102
}
330
2003B
100
AcDbScale
 70
0
300
1" = 1'-0"
140
1.0
141
12.0
290
0
  0
SCALE
  5
20049
102
{ACAD_REACTORS
330
2003B
102
}
330
2003B
100
AcDbScale
 70
0
300
1-1/2" = 1'-0"
140
1.5
141
12.0
290
0
  0
SCALE
  5
2004A
102
{ACAD_REACTORS
330
2003B
102
}
330
2003B
100
AcDbScale
 70
0
300
3" = 1'-0"
140
3.0
141
12.0
290
0
  0
SCALE
  5
2004B
102
{ACAD_REACTORS
330
2003B
102
}
330
2003B
100
AcDbScale
 70
0
300
6" = 1'-0"
140
6.0
141
12.0
290
0
  0
SCALE
  5
2004C
102
{ACAD_REACTORS
330
2003B
102
}
330
2003B
100
AcDbScale
 70
0
300
1'-0" = 1'-0"
140
12.0
141
12.0
290
0
  0
TABLESTYLE
  5
20038
102
{ACAD_XDICTIONARY
360
2005C
102
}
102
{ACAD_REACTORS
330
20037
102
}
330
20037
100
AcDbTableStyle
  3
Standard
 70
0
 71
0
 40
0.06
 41
0.06
280
0
281
0
  7
Standard
140
0.18
170
2
 62
0
 63
7
283
0
 90
512
 91
0
  1

274
-2
284
1
 64
0
275
-2
285
1
 65
0
276
-2
286
1
 66
0
277
-2
287
1
 67
0
278
-2
288
1
 68
0
279
-2
289
1
 69
0
  7
Standard
140
0.25
170
5
 62
0
 63
7
283
0
 90
512
 91
0
  1

274
-2
284
1
 64
0
275
-2
285
1
 65
0
276
-2
286
1
 66
0
277
-2
287
1
 67
0
278
-2
288
1
 68
0
279
-2
289
1
 69
0
  7
Standard
140
0.18
170
5
 62
0
 63
7
283
0
 90
512
 91
0
  1

274
-2
284
1
 64
0
275
-2
285
1
 65
0
276
-2
286
1
 66
0
277
-2
287
1
 67
0
278
-2
288
1
 68
0
279
-2
289
1
 69
0
  0
VISUALSTYLE
  5
20023
102
{ACAD_XDICTIONARY
360
20069
102
}
102
{ACAD_REACTORS
330
2001D
102
}
330
2001D
100
AcDbVisualStyle
  2
2dWireframe
 70
4
 71
0
 72
2
 73
0
 90
0
 40
-0.6
 41
-30.0
 62
5
 63
7
421
16777215
 74
1
 91
4
 64
7
 65
257
 75
1
175
1
 42
1.0
 92
0
 66
257
 43
1.0
 76
1
 77
6
 78
2
 67
7
 79
5
170
0
171
0
290
0
174
0
 93
1
 44
0.0
173
0
291
0
 45
0.0
1001
ACAD
1000
AcDbSavedByObjectVersion
1070
0
  0
VISUALSTYLE
  5
20022
102
{ACAD_XDICTIONARY
360
20067
102
}
102
{ACAD_REACTORS
330
2001D
102
}
330
2001D
100
AcDbVisualStyle
  2
Basic
 70
7
 71
1
 72
0
 73
1
 90
0
 40
-0.6
 41
-30.0
 62
5
 63
7
421
16777215
 74
0
 91
4
 64
7
 65
257
 75
1
175
1
 42
1.0
 92
8
 66
7
 43
1.0
 76
1
 77
6
 78
2
 67
7
 79
5
170
0
171
0
290
0
174
0
 93
1
 44
0.0
173
0
291
1
 45
0.0
1001
ACAD
1000
AcDbSavedByObjectVersion
1070
0
  0
VISUALSTYLE
  5
20029
102
{ACAD_XDICTIONARY
360
20075
102
}
102
{ACAD_REACTORS
330
2001D
102
}
330
2001D
100
AcDbVisualStyle
  2
Brighten
 70
12
 71
2
 72
2
 73
0
 90
0
 40
-0.6
 41
-30.0
 62
5
 63
7
421
16777215
 74
1
 91
4
 64
7
 65
257
 75
1
175
1
 42
1.0
 92
8
 66
7
 43
1.0
 76
1
 77
6
 78
2
 67
7
 79
5
170
0
171
0
290
0
174
0
 93
1
 44
50.0
173
0
291
1
 45
0.0
1001
ACAD
1000
AcDbSavedByObjectVersion
1070
0
  0
VISUALSTYLE
  5
2002D
102
{ACAD_XDICTIONARY
360
2007D
102
}
102
{ACAD_REACTORS
330
2001D
102
}
330
2001D
100
AcDbVisualStyle
  2
ColorChange
 70
16
 71
2
 72
2
 73
3
 90
0
 40
-0.6
 41
-30.0
 62
5
 63
8
421
8421504
 74
1
 91
4
 64
7
 65
257
 75
1
175
1
 42
1.0
 92
8
 66
8
 43
1.0
 76
1
 77
6
 78
2
 67
7
 79
5
170
0
171
0
290
0
174
0
 93
1
 44
0.0
173
0
291
1
 45
0.0
1001
ACAD
1000
AcDbSavedByObjectVersion
1070
0
  0
VISUALSTYLE
  5
20026
102
{ACAD_XDICTIONARY
360
2006F
102
}
102
{ACAD_REACTORS
330
2001D
102
}
330
2001D
100
AcDbVisualStyle
  2
Conceptual
 70
9
 71
3
 72
2
 73
0
 90
0
 40
-0.6
 41
-30.0
 62
5
 63
7
421
16777215
 74
2
 91
2
 64
7
 65
257
 75
1
175
1
 42
179.0
 92
8
 66
7
 43
1.0
 76
1
 77
6
 78
2
 67
7
 79
3
170
0
171
0
290
0
174
0
 93
1
 44
0.0
173
0
291
0
 45
0.0
1001
ACAD
1000
AcDbSavedByObjectVersion
1070
0
  0
VISUALSTYLE
  5
20028
102
{ACAD_XDICTIONARY
360
20073
102
}
102
{ACAD_REACTORS
330
2001D
102
}
330
2001D
100
AcDbVisualStyle
  2
Dim
 70
11
 71
2
 72
2
 73
0
 90
0
 40
-0.6
 41
-30.0
 62
5
 63
7
421
16777215
 74
1
 91
4
 64
7
 65
257
 75
1
175
1
 42
1.0
 92
8
 66
7
 43
1.0
 76
1
 77
6
 78
2
 67
7
 79
5
170
0
171
0
290
0
174
0
 93
1
 44
-50.0
173
0
291
1
 45
0.0
1001
ACAD
1000
AcDbSavedByObjectVersion
1070
0
  0
VISUALSTYLE
  5
20035
102
{ACAD_XDICTIONARY
360
2008D
102
}
102
{ACAD_REACTORS
330
2001D
102
}
330
2001D
100
AcDbVisualStyle
  2
EdgeColorOff
 70
22
 71
2
 72
2
 73
0
 90
0
 40
-0.6
 41
-30.0
 62
5
 63
7
421
16777215
 74
1
 91
4
 64
7
 65
257
 75
1
175
1
 42
1.0
 92
8
 66
7
 43
1.0
 76
1
 77
6
 78
2
 67
7
 79
5
170
0
171
0
290
0
174
0
 93
1
 44
0.0
173
0
291
1
 45
0.0
1001
ACAD
1000
AcDbSavedByObjectVersion
1070
0
  0
VISUALSTYLE
  5
2002C
102
{ACAD_XDICTIONARY
360
2007B
102
}
102
{ACAD_REACTORS
330
2001D
102
}
330
2001D
100
AcDbVisualStyle
  2
Facepattern
 70
15
 71
2
 72
2
 73
0
 90
0
 40
-0.6
 41
-30.0
 62
5
 63
7
421
16777215
 74
1
 91
4
 64
7
 65
257
 75
1
175
1
 42
1.0
 92
8
 66
7
 43
1.0
 76
1
 77
6
 78
2
 67
7
 79
5
170
0
171
0
290
0
174
0
 93
1
 44
0.0
173
0
291
1
 45
0.0
1001
ACAD
1000
AcDbSavedByObjectVersion
1070
0
  0
VISUALSTYLE
  5
2001E
102
{ACAD_XDICTIONARY
360
2005F
102
}
102
{ACAD_REACTORS
330
2001D
102
}
330
2001D
100
AcDbVisualStyle
  2
Flat
 70
0
 71
2
 72
1
 73
1
 90
2
 40
-0.6
 41
30.0
 62
5
 63
7
421
16777215
 74
0
 91
0
 64
7
 65
257
 75
1
175
1
 42
1.0
 92
8
 66
7
 43
1.0
 76
1
 77
6
 78
2
 67
7
 79
5
170
0
171
0
290
0
174
0
 93
13
 44
0.0
173
0
291
1
 45
0.0
1001
ACAD
1000
AcDbSavedByObjectVersion
1070
0
  0
VISUALSTYLE
  5
2001F
102
{ACAD_XDICTIONARY
360
20061
102
}
102
{ACAD_REACTORS
330
2001D
102
}
330
2001D
100
AcDbVisualStyle
  2
FlatWithEdges
 70
1
 71
2
 72
1
 73
1
 90
2
 40
-0.6
 41
30.0
 62
5
 63
7
421
16777215
 74
1
 91
0
 64
7
 65
257
 75
1
175
1
 42
1.0
 92
0
 66
257
 43
1.0
 76
1
 77
6
 78
2
 67
7
 79
5
170
0
171
0
290
0
174
0
 93
13
 44
0.0
173
0
291
1
 45
0.0
1001
ACAD
1000
AcDbSavedByObjectVersion
1070
0
  0
VISUALSTYLE
  5
20020
102
{ACAD_XDICTIONARY
360
20063
102
}
102
{ACAD_REACTORS
330
2001D
102
}
330
2001D
100
AcDbVisualStyle
  2
Gouraud
 70
2
 71
2
 72
2
 73
1
 90
2
 40
-0.6
 41
30.0
 62
5
 63
7
421
16777215
 74
0
 91
0
 64
7
 65
257
 75
1
175
1
 42
1.0
 92
0
 66
7
 43
1.0
 76
1
 77
6
 78
2
 67
7
 79
5
170
0
171
0
290
0
174
0
 93
13
 44
0.0
173
0
291
1
 45
0.0
1001
ACAD
1000
AcDbSavedByObjectVersion
1070
0
  0
VISUALSTYLE
  5
20021
102
{ACAD_XDICTIONARY
360
20065
102
}
102
{ACAD_REACTORS
330
2001D
102
}
330
2001D
100
AcDbVisualStyle
  2
GouraudWithEdges
 70
3
 71
2
 72
2
 73
1
 90
2
 40
-0.6
 41
30.0
 62
5
 63
7
421
16777215
 74
1
 91
0
 64
7
 65
257
 75
1
175
1
 42
1.0
 92
0
 66
257
 43
1.0
 76
1
 77
6
 78
2
 67
7
 79
5
170
0
171
0
290
0
174
0
 93
13
 44
0.0
173
0
291
1
 45
0.0
1001
ACAD
1000
AcDbSavedByObjectVersion
1070
0
  0
VISUALSTYLE
  5
20025
102
{ACAD_XDICTIONARY
360
2006D
102
}
102
{ACAD_REACTORS
330
2001D
102
}
330
2001D
100
AcDbVisualStyle
  2
Hidden
 70
6
 71
1
 72
2
 73
2
 90
0
 40
-0.6
 41
-30.0
 62
5
 63
7
421
16777215
 74
2
 91
2
 64
7
 65
257
 75
2
175
1
 42
40.0
 92
0
 66
257
 43
1.0
 76
1
 77
6
 78
2
 67
7
 79
3
170
0
171
0
290
0
174
0
 93
1
 44
0.0
173
0
291
0
 45
0.0
1001
ACAD
1000
AcDbSavedByObjectVersion
1070
0
  0
VISUALSTYLE
  5
20033
102
{ACAD_XDICTIONARY
360
20089
102
}
102
{ACAD_REACTORS
330
2001D
102
}
330
2001D
100
AcDbVisualStyle
  2
JitterOff
 70
20
 71
2
 72
2
 73
0
 90
0
 40
-0.6
 41
-30.0
 62
5
 63
7
421
16777215
 74
1
 91
4
 64
7
 65
257
 75
1
175
1
 42
1.0
 92
10
 66
7
 43
1.0
 76
1
 77
6
 78
2
 67
7
 79
5
170
0
171
0
290
0
174
0
 93
1
 44
0.0
173
0
291
1
 45
0.0
1001
ACAD
1000
AcDbSavedByObjectVersion
1070
0
  0
VISUALSTYLE
  5
2002B
102
{ACAD_XDICTIONARY
360
20079
102
}
102
{ACAD_REACTORS
330
2001D
102
}
330
2001D
100
AcDbVisualStyle
  2
Linepattern
 70
14
 71
2
 72
2
 73
0
 90
0
 40
-0.6
 41
-30.0
 62
5
 63
7
421
16777215
 74
1
 91
4
 64
7
 65
257
 75
7
175
7
 42
1.0
 92
8
 66
7
 43
1.0
 76
1
 77
6
 78
2
 67
7
 79
5
170
0
171
0
290
0
174
0
 93
1
 44
0.0
173
0
291
1
 45
0.0
1001
ACAD
1000
AcDbSavedByObjectVersion
1070
0
  0
VISUALSTYLE
  5
20034
102
{ACAD_XDICTIONARY
360
2008B
102
}
102
{ACAD_REACTORS
330
2001D
102
}
330
2001D
100
AcDbVisualStyle
  2
OverhangOff
 70
21
 71
2
 72
2
 73
0
 90
0
 40
-0.6
 41
-30.0
 62
5
 63
7
421
16777215
 74
1
 91
4
 64
7
 65
257
 75
1
175
1
 42
1.0
 92
9
 66
7
 43
1.0
 76
1
 77
6
 78
2
 67
7
 79
5
170
0
171
0
290
0
174
0
 93
1
 44
0.0
173
0
291
1
 45
0.0
1001
ACAD
1000
AcDbSavedByObjectVersion
1070
0
  0
VISUALSTYLE
  5
20027
102
{ACAD_XDICTIONARY
360
20071
102
}
102
{ACAD_REACTORS
330
2001D
102
}
330
2001D
100
AcDbVisualStyle
  2
Realistic
 70
8
 71
2
 72
3
 73
0
 90
2
 40
-0.6
 41
30.0
 62
5
 63
7
421
16777215
 74
0
 91
0
 64
7
 65
257
 75
1
175
1
 42
1.0
 92
8
 66
257
 43
1.0
 76
1
 77
6
 78
2
 67
7
 79
3
170
0
171
0
290
0
174
0
 93
13
 44
0.0
173
0
291
0
 45
0.0
1001
ACAD
1000
AcDbSavedByObjectVersion
1070
0
  0
VISUALSTYLE
  5
20032
102
{ACAD_XDICTIONARY
360
20087
102
}
102
{ACAD_REACTORS
330
2001D
102
}
330
2001D
100
AcDbVisualStyle
  2
Shaded
 70
27
 71
2
 72
2
 73
1
 90
2
 40
-0.6
 41
30.0
 62
5
 63
7
421
16777215
 74
0
 91
4
 64
7
 65
257
 75
1
175
1
 42
1.0
 92
8
 66
257
 43
1.0
 76
1
 77
6
 78
2
 67
8
 79
3
170
0
171
0
290
0
174
0
 93
5
 44
0.0
173
0
291
0
 45
0.0
1001
ACAD
1000
AcDbSavedByObjectVersion
1070
0
  0
VISUALSTYLE
  5
20031
102
{ACAD_XDICTIONARY
360
20085
102
}
102
{ACAD_REACTORS
330
2001D
102
}
330
2001D
100
AcDbVisualStyle
  2
Shaded with edges
 70
26
 71
2
 72
2
 73
1
 90
2
 40
-0.6
 41
30.0
 62
5
 63
7
421
16777215
 74
1
 91
10
 64
7
 65
257
 75
2
175
1
 42
1.0
 92
8
 66
257
 43
1.0
 76
1
 77
6
 78
2
 67
7
 79
3
170
0
171
0
290
0
174
0
 93
5
 44
0.0
173
0
291
0
 45
0.0
1001
ACAD
1000
AcDbSavedByObjectVersion
1070
0
  0
VISUALSTYLE
  5
2002E
102
{ACAD_XDICTIONARY
360
2007F
102
}
102
{ACAD_REACTORS
330
2001D
102
}
330
2001D
100
AcDbVisualStyle
  2
Shades of Gray
 70
23
 71
2
 72
2
 73
3
 90
0
 40
-0.6
 41
-30.0
 62
5
 63
7
421
16777215
 74
2
 91
2
 64
7
 65
7
 75
1
175
1
 42
40.0
 92
8
 66
7
 43
1.0
 76
1
 77
6
 78
2
 67
7
 79
3
170
0
171
0
290
0
174
0
 93
1
 44
0.0
173
0
291
0
 45
0.0
1001
ACAD
1000
AcDbSavedByObjectVersion
1070
0
  0
VISUALSTYLE
  5
2002F
102
{ACAD_XDICTIONARY
360
20081
102
}
102
{ACAD_REACTORS
330
2001D
102
}
330
2001D
100
AcDbVisualStyle
  2
Sketchy
 70
24
 71
1
 72
2
 73
2
 90
0
 40
-0.6
 41
-30.0
 62
5
 63
7
421
16777215
 74
2
 91
2
 64
7
 65
7
 75
1
175
1
 42
40.0
 92
11
 66
7
 43
1.0
 76
1
 77
6
 78
2
 67
7
 79
6
170
0
171
0
290
0
174
0
 93
1
 44
0.0
173
0
291
0
 45
0.0
1001
ACAD
1000
AcDbSavedByObjectVersion
1070
0
  0
VISUALSTYLE
  5
2002A
102
{ACAD_XDICTIONARY
360
20077
102
}
102
{ACAD_REACTORS
330
2001D
102
}
330
2001D
100
AcDbVisualStyle
  2
Thicken
 70
13
 71
2
 72
2
 73
0
 90
0
 40
-0.6
 41
-30.0
 62
5
 63
7
421
16777215
 74
1
 91
4
 64
7
 65
257
 75
1
175
1
 42
1.0
 92
12
 66
7
 43
1.0
 76
1
 77
6
 78
2
 67
7
 79
5
170
0
171
0
290
0
174
0
 93
1
 44
0.0
173
0
291
1
 45
0.0
1001
ACAD
1000
AcDbSavedByObjectVersion
1070
0
  0
VISUALSTYLE
  5
20024
102
{ACAD_XDICTIONARY
360
2006B
102
}
102
{ACAD_REACTORS
330
2001D
102
}
330
2001D
100
AcDbVisualStyle
  2
Wireframe
 70
5
 71
0
 72
2
 73
0
 90
0
 40
-0.6
 41
-30.0
 62
5
 63
7
421
16777215
 74
1
 91
4
 64
7
 65
257
 75
1
175
1
 42
1.0
 92
0
 66
257
 43
1.0
 76
1
 77
6
 78
2
 67
7
 79
3
170
0
171
0
290
0
174
0
 93
1
 44
0.0
173
0
291
0
 45
0.0
1001
ACAD
1000
AcDbSavedByObjectVersion
1070
0
  0
VISUALSTYLE
  5
20030
102
{ACAD_XDICTIONARY
360
20083
102
}
102
{ACAD_REACTORS
330
2001D
102
}
330
2001D
100
AcDbVisualStyle
  2
X-Ray
 70
25
 71
2
 72
2
 73
1
 90
1
 40
0.5
 41
-30.0
 62
5
 63
7
421
16777215
 74
1
 91
0
 64
7
 65
257
 75
1
175
1
 42
1.0
 92
8
 66
7
 43
1.0
 76
1
 77
6
 78
2
 67
7
 79
3
170
0
171
0
290
0
174
0
 93
13
 44
0.0
173
0
291
0
 45
0.0
1001
ACAD
1000
AcDbSavedByObjectVersion
1070
0
  0
DICTIONARYVAR
  5
2005A
102
{ACAD_REACTORS
330
20057
102
}
330
20057
100
DictionaryVariables
280
0
  1
1:1
  0
DICTIONARYVAR
  5
20059
102
{ACAD_REACTORS
330
20057
102
}
330
20057
100
DictionaryVariables
280
0
  1
STANDARD
  0
DICTIONARYVAR
  5
20058
102
{ACAD_REACTORS
330
20057
102
}
330
20057
100
DictionaryVariables
280
0
  1
STANDARD
  0
DICTIONARYVAR
  5
2005B
102
{ACAD_REACTORS
330
20057
102
}
330
20057
100
DictionaryVariables
280
0
  1
2
  0
DICTIONARY
  5
2000E
330
2000D
100
AcDbDictionary
280
1
281
1
  3
BUMPTILE
360
20010
  3
DIFFUSETILE
360
2000F
  3
OPACITYTILE
360
20013
  3
REFLECTIONTILE
360
20012
  3
REFRACTIONTILE
360
20014
  3
SPECULARTILE
360
20011
  0
DICTIONARY
  5
20006
330
20005
100
AcDbDictionary
280
1
281
1
  3
BUMPTILE
360
20008
  3
DIFFUSETILE
360
20007
  3
OPACITYTILE
360
2000B
  3
REFLECTIONTILE
360
2000A
  3
REFRACTIONTILE
360
2000C
  3
SPECULARTILE
360
20009
  0
DICTIONARY
  5
20016
330
20015
100
AcDbDictionary
280
1
281
1
  3
BUMPTILE
360
20018
  3
DIFFUSETILE
360
20017
  3
OPACITYTILE
360
2001B
  3
REFLECTIONTILE
360
2001A
  3
REFRACTIONTILE
360
2001C
  3
SPECULARTILE
360
20019
  0
DICTIONARY
  5
2005C
330
20038
100
AcDbDictionary
280
1
281
1
  3
ACAD_ROUNDTRIP_2008_TABLESTYLE_CELLSTYLEMAP
360
2005D
  0
DICTIONARY
  5
20069
330
20023
100
AcDbDictionary
280
1
281
1
  3
ACAD_XREC_ROUNDTRIP
360
2006A
  0
DICTIONARY
  5
20067
330
20022
100
AcDbDictionary
280
1
281
1
  3
ACAD_XREC_ROUNDTRIP
360
20068
  0
DICTIONARY
  5
20075
330
20029
100
AcDbDictionary
280
1
281
1
  3
ACAD_XREC_ROUNDTRIP
360
20076
  0
DICTIONARY
  5
2007D
330
2002D
100
AcDbDictionary
280
1
281
1
  3
ACAD_XREC_ROUNDTRIP
360
2007E
  0
DICTIONARY
  5
2006F
330
20026
100
AcDbDictionary
280
1
281
1
  3
ACAD_XREC_ROUNDTRIP
360
20070
  0
DICTIONARY
  5
20073
330
20028
100
AcDbDictionary
280
1
281
1
  3
ACAD_XREC_ROUNDTRIP
360
20074
  0
DICTIONARY
  5
2008D
330
20035
100
AcDbDictionary
280
1
281
1
  3
ACAD_XREC_ROUNDTRIP
360
2008E
  0
DICTIONARY
  5
2007B
330
2002C
100
AcDbDictionary
280
1
281
1
  3
ACAD_XREC_ROUNDTRIP
360
2007C
  0
DICTIONARY
  5
2005F
330
2001E
100
AcDbDictionary
280
1
281
1
  3
ACAD_XREC_ROUNDTRIP
360
20060
  0
DICTIONARY
  5
20061
330
2001F
100
AcDbDictionary
280
1
281
1
  3
ACAD_XREC_ROUNDTRIP
360
20062
  0
DICTIONARY
  5
20063
330
20020
100
AcDbDictionary
280
1
281
1
  3
ACAD_XREC_ROUNDTRIP
360
20064
  0
DICTIONARY
  5
20065
330
20021
100
AcDbDictionary
280
1
281
1
  3
ACAD_XREC_ROUNDTRIP
360
20066
  0
DICTIONARY
  5
2006D
330
20025
100
AcDbDictionary
280
1
281
1
  3
ACAD_XREC_ROUNDTRIP
360
2006E
  0
DICTIONARY
  5
20089
330
20033
100
AcDbDictionary
280
1
281
1
  3
ACAD_XREC_ROUNDTRIP
360
2008A
  0
DICTIONARY
  5
20079
330
2002B
100
AcDbDictionary
280
1
281
1
  3
ACAD_XREC_ROUNDTRIP
360
2007A
  0
DICTIONARY
  5
2008B
330
20034
100
AcDbDictionary
280
1
281
1
  3
ACAD_XREC_ROUNDTRIP
360
2008C
  0
DICTIONARY
  5
20071
330
20027
100
AcDbDictionary
280
1
281
1
  3
ACAD_XREC_ROUNDTRIP
360
20072
  0
DICTIONARY
  5
20087
330
20032
100
AcDbDictionary
280
1
281
1
  3
ACAD_XREC_ROUNDTRIP
360
20088
  0
DICTIONARY
  5
20085
330
20031
100
AcDbDictionary
280
1
281
1
  3
ACAD_XREC_ROUNDTRIP
360
20086
  0
DICTIONARY
  5
2007F
330
2002E
100
AcDbDictionary
280
1
281
1
  3
ACAD_XREC_ROUNDTRIP
360
20080
  0
DICTIONARY
  5
20081
330
2002F
100
AcDbDictionary
280
1
281
1
  3
ACAD_XREC_ROUNDTRIP
360
20082
  0
DICTIONARY
  5
20077
330
2002A
100
AcDbDictionary
280
1
281
1
  3
ACAD_XREC_ROUNDTRIP
360
20078
  0
DICTIONARY
  5
2006B
330
20024
100
AcDbDictionary
280
1
281
1
  3
ACAD_XREC_ROUNDTRIP
360
2006C
  0
DICTIONARY
  5
20083
330
20030
100
AcDbDictionary
280
1
281
1
  3
ACAD_XREC_ROUNDTRIP
360
20084
  0
XRECORD
  5
20010
102
{ACAD_REACTORS
330
2000E
102
}
330
2000E
100
AcDbXrecord
280
1
270
1
271
1
  0
XRECORD
  5
2000F
102
{ACAD_REACTORS
330
2000E
102
}
330
2000E
100
AcDbXrecord
280
1
270
1
271
1
  0
XRECORD
  5
20013
102
{ACAD_REACTORS
330
2000E
102
}
330
2000E
100
AcDbXrecord
280
1
270
1
271
1
  0
XRECORD
  5
20012
102
{ACAD_REACTORS
330
2000E
102
}
330
2000E
100
AcDbXrecord
280
1
270
1
271
1
  0
XRECORD
  5
20014
102
{ACAD_REACTORS
330
2000E
102
}
330
2000E
100
AcDbXrecord
280
1
270
1
271
1
  0
XRECORD
  5
20011
102
{ACAD_REACTORS
330
2000E
102
}
330
2000E
100
AcDbXrecord
280
1
270
1
271
1
  0
XRECORD
  5
20008
102
{ACAD_REACTORS
330
20006
102
}
330
20006
100
AcDbXrecord
280
1
270
1
271
1
  0
XRECORD
  5
20007
102
{ACAD_REACTORS
330
20006
102
}
330
20006
100
AcDbXrecord
280
1
270
1
271
1
  0
XRECORD
  5
2000B
102
{ACAD_REACTORS
330
20006
102
}
330
20006
100
AcDbXrecord
280
1
270
1
271
1
  0
XRECORD
  5
2000A
102
{ACAD_REACTORS
330
20006
102
}
330
20006
100
AcDbXrecord
280
1
270
1
271
1
  0
XRECORD
  5
2000C
102
{ACAD_REACTORS
330
20006
102
}
330
20006
100
AcDbXrecord
280
1
270
1
271
1
  0
XRECORD
  5
20009
102
{ACAD_REACTORS
330
20006
102
}
330
20006
100
AcDbXrecord
280
1
270
1
271
1
  0
XRECORD
  5
20018
102
{ACAD_REACTORS
330
20016
102
}
330
20016
100
AcDbXrecord
280
1
270
1
271
1
  0
XRECORD
  5
20017
102
{ACAD_REACTORS
330
20016
102
}
330
20016
100
AcDbXrecord
280
1
270
1
271
1
  0
XRECORD
  5
2001B
102
{ACAD_REACTORS
330
20016
102
}
330
20016
100
AcDbXrecord
280
1
270
1
271
1
  0
XRECORD
  5
2001A
102
{ACAD_REACTORS
330
20016
102
}
330
20016
100
AcDbXrecord
280
1
270
1
271
1
  0
XRECORD
  5
2001C
102
{ACAD_REACTORS
330
20016
102
}
330
20016
100
AcDbXrecord
280
1
270
1
271
1
  0
XRECORD
  5
20019
102
{ACAD_REACTORS
330
20016
102
}
330
20016
100
AcDbXrecord
280
1
270
1
271
1
  0
CELLSTYLEMAP
  5
2005D
102
{ACAD_REACTORS
330
2005C
102
}
330
2005C
100
AcDbCellStyleMap
 90
3
300
CELLSTYLE
  1
TABLEFORMAT_BEGIN
 90
5
170
1
 91
0
 92
32768
 62
257
 93
1
300
CONTENTFORMAT
  1
CONTENTFORMAT_BEGIN
 90
0
 91
0
 92
512
 93
0
300

 40
0.0
140
1.0
 94
5
 62
0
340
44
144
0.25
309
CONTENTFORMAT_END
171
0
 94
0
309
TABLEFORMAT_END
  1
CELLSTYLE_BEGIN
 90
1
 91
1
300
_TITLE
309
CELLSTYLE_END
300
CELLSTYLE
  1
TABLEFORMAT_BEGIN
 90
5
170
1
 91
0
 92
0
 62
257
 93
1
300
CONTENTFORMAT
  1
CONTENTFORMAT_BEGIN
 90
0
 91
0
 92
512
 93
0
300

 40
0.0
140
1.0
 94
5
 62
0
340
44
144
0.18
309
CONTENTFORMAT_END
171
0
 94
0
309
TABLEFORMAT_END
  1
CELLSTYLE_BEGIN
 90
2
 91
1
300
_HEADER
309
CELLSTYLE_END
300
CELLSTYLE
  1
TABLEFORMAT_BEGIN
 90
5
170
1
 91
0
 92
0
 62
257
 93
1
300
CONTENTFORMAT
  1
CONTENTFORMAT_BEGIN
 90
0
 91
0
 92
512
 93
0
300

 40
0.0
140
1.0
 94
2
 62
0
340
44
144
0.18
309
CONTENTFORMAT_END
171
0
 94
0
309
TABLEFORMAT_END
  1
CELLSTYLE_BEGIN
 90
3
 91
2
300
_DATA
309
CELLSTYLE_END
  0
XRECORD
  5
2006A
102
{ACAD_REACTORS
330
20069
102
}
330
20069
100
AcDbXrecord
280
1
102
RTVSPropertyOp0
 70
1
102
RTVSPropertyOp1
 70
1
102
RTVSPropertyOp2
 70
1
102
RTVSPropertyOp3
 70
1
102
RTVSPropertyOp4
 70
1
102
RTVSPropertyOp5
 70
1
102
RTVSPropertyOp6
 70
1
102
RTVSPropertyOp7
 70
1
102
RTVSPropertyOp8
 70
1
102
RTVSPropertyOp9
 70
1
102
RTVSPropertyOp10
 70
1
102
RTVSPropertyOp11
 70
1
102
RTVSPropertyOp12
 70
1
102
RTVSPropertyOp13
 70
1
102
RTVSPropertyOp14
 70
1
102
RTVSPropertyOp15
 70
1
102
RTVSPropertyOp16
 70
1
102
RTVSPropertyOp17
 70
1
102
RTVSPropertyOp18
 70
1
102
RTVSPropertyOp19
 70
1
102
RTVSPropertyOp20
 70
1
102
RTVSPropertyOp21
 70
1
102
RTVSPropertyOp22
 70
1
102
RTVSPropertyOp23
 70
1
102
RTVSPropertyOp24
 70
1
102
RTVSPropertyOp25
 70
1
102
RTVSPropertyOp26
 70
1
102
RTVSPropertyOp27
 70
1
102
RTVSPropertyOp28
 70
1
102
RTVSPropertyOp29
 70
1
102
RTVSPropertyOp30
 70
1
102
RTVSPropertyOp31
 70
1
102
RTVSPropertyOp32
 70
1
  0
XRECORD
  5
20068
102
{ACAD_REACTORS
330
20067
102
}
330
20067
100
AcDbXrecord
280
1
102
RTVSPropertyOp0
 70
1
102
RTVSPropertyOp1
 70
1
102
RTVSPropertyOp2
 70
1
102
RTVSPropertyOp3
 70
1
102
RTVSPropertyOp4
 70
1
102
RTVSPropertyOp5
 70
1
102
RTVSPropertyOp6
 70
1
102
RTVSPropertyOp7
 70
1
102
RTVSPropertyOp8
 70
1
102
RTVSPropertyOp9
 70
1
102
RTVSPropertyOp10
 70
1
102
RTVSPropertyOp11
 70
1
102
RTVSPropertyOp12
 70
1
102
RTVSPropertyOp13
 70
1
102
RTVSPropertyOp14
 70
1
102
RTVSPropertyOp15
 70
1
102
RTVSPropertyOp16
 70
1
102
RTVSPropertyOp17
 70
1
102
RTVSPropertyOp18
 70
1
102
RTVSPropertyOp19
 70
1
102
RTVSPropertyOp20
 70
1
102
RTVSPropertyOp21
 70
1
102
RTVSPropertyOp22
 70
1
102
RTVSPropertyOp23
 70
1
102
RTVSPropertyOp24
 70
1
102
RTVSPropertyOp25
 70
1
102
RTVSPropertyOp26
 70
1
102
RTVSPropertyOp27
 70
1
102
RTVSPropertyOp28
 70
1
102
RTVSPropertyOp29
 70
1
102
RTVSPropertyOp30
 70
1
102
RTVSPropertyOp31
 70
1
102
RTVSPropertyOp32
 70
1
  0
XRECORD
  5
20076
102
{ACAD_REACTORS
330
20075
102
}
330
20075
100
AcDbXrecord
280
1
102
RTVSPropertyOp0
 70
1
102
RTVSPropertyOp1
 70
1
102
RTVSPropertyOp2
 70
1
102
RTVSPropertyOp3
 70
1
102
RTVSPropertyOp4
 70
1
102
RTVSPropertyOp5
 70
1
102
RTVSPropertyOp6
 70
1
102
RTVSPropertyOp7
 70
1
102
RTVSPropertyOp8
 70
1
102
RTVSPropertyOp9
 70
1
102
RTVSPropertyOp10
 70
1
102
RTVSPropertyOp11
 70
1
102
RTVSPropertyOp12
 70
1
102
RTVSPropertyOp13
 70
1
102
RTVSPropertyOp14
 70
1
102
RTVSPropertyOp15
 70
1
102
RTVSPropertyOp16
 70
1
102
RTVSPropertyOp17
 70
1
102
RTVSPropertyOp18
 70
1
102
RTVSPropertyOp19
 70
1
102
RTVSPropertyOp20
 70
1
102
RTVSPropertyOp21
 70
1
102
RTVSPropertyOp22
 70
1
102
RTVSPropertyOp23
 70
1
102
RTVSPropertyOp24
 70
1
102
RTVSPropertyOp25
 70
1
102
RTVSPropertyOp26
 70
1
102
RTVSPropertyOp27
 70
1
102
RTVSPropertyOp28
 70
1
102
RTVSPropertyOp29
 70
1
102
RTVSPropertyOp30
 70
1
102
RTVSPropertyOp31
 70
1
102
RTVSPropertyOp32
 70
1
  0
XRECORD
  5
2007E
102
{ACAD_REACTORS
330
2007D
102
}
330
2007D
100
AcDbXrecord
280
1
102
RTVSPropertyOp0
 70
1
102
RTVSPropertyOp1
 70
1
102
RTVSPropertyOp2
 70
1
102
RTVSPropertyOp3
 70
1
102
RTVSPropertyOp4
 70
1
102
RTVSPropertyOp5
 70
1
102
RTVSPropertyOp6
 70
1
102
RTVSPropertyOp7
 70
1
102
RTVSPropertyOp8
 70
1
102
RTVSPropertyOp9
 70
1
102
RTVSPropertyOp10
 70
1
102
RTVSPropertyOp11
 70
1
102
RTVSPropertyOp12
 70
1
102
RTVSPropertyOp13
 70
1
102
RTVSPropertyOp14
 70
1
102
RTVSPropertyOp15
 70
1
102
RTVSPropertyOp16
 70
1
102
RTVSPropertyOp17
 70
1
102
RTVSPropertyOp18
 70
1
102
RTVSPropertyOp19
 70
1
102
RTVSPropertyOp20
 70
1
102
RTVSPropertyOp21
 70
1
102
RTVSPropertyOp22
 70
1
102
RTVSPropertyOp23
 70
1
102
RTVSPropertyOp24
 70
1
102
RTVSPropertyOp25
 70
1
102
RTVSPropertyOp26
 70
1
102
RTVSPropertyOp27
 70
1
102
RTVSPropertyOp28
 70
1
102
RTVSPropertyOp29
 70
1
102
RTVSPropertyOp30
 70
1
102
RTVSPropertyOp31
 70
1
102
RTVSPropertyOp32
 70
1
  0
XRECORD
  5
20070
102
{ACAD_REACTORS
330
2006F
102
}
330
2006F
100
AcDbXrecord
280
1
102
RTVSPropertyOp0
 70
1
102
RTVSPropertyOp1
 70
1
102
RTVSPropertyOp2
 70
1
102
RTVSPropertyOp3
 70
1
102
RTVSPropertyOp4
 70
1
102
RTVSPropertyOp5
 70
1
102
RTVSPropertyOp6
 70
1
102
RTVSPropertyOp7
 70
1
102
RTVSPropertyOp8
 70
1
102
RTVSPropertyOp9
 70
1
102
RTVSPropertyOp10
 70
1
102
RTVSPropertyOp11
 70
1
102
RTVSPropertyOp12
 70
1
102
RTVSPropertyOp13
 70
1
102
RTVSPropertyOp14
 70
1
102
RTVSPropertyOp15
 70
1
102
RTVSPropertyOp16
 70
1
102
RTVSPropertyOp17
 70
1
102
RTVSPropertyOp18
 70
1
102
RTVSPropertyOp19
 70
1
102
RTVSPropertyOp20
 70
1
102
RTVSPropertyOp21
 70
1
102
RTVSPropertyOp22
 70
1
102
RTVSPropertyOp23
 70
1
102
RTVSPropertyOp24
 70
1
102
RTVSPropertyOp25
 70
1
102
RTVSPropertyOp26
 70
1
102
RTVSPropertyOp27
 70
1
102
RTVSPropertyOp28
 70
1
102
RTVSPropertyOp29
 70
1
102
RTVSPropertyOp30
 70
1
102
RTVSPropertyOp31
 70
1
102
RTVSPropertyOp32
 70
1
  0
XRECORD
  5
20074
102
{ACAD_REACTORS
330
20073
102
}
330
20073
100
AcDbXrecord
280
1
102
RTVSPropertyOp0
 70
1
102
RTVSPropertyOp1
 70
1
102
RTVSPropertyOp2
 70
1
102
RTVSPropertyOp3
 70
1
102
RTVSPropertyOp4
 70
1
102
RTVSPropertyOp5
 70
1
102
RTVSPropertyOp6
 70
1
102
RTVSPropertyOp7
 70
1
102
RTVSPropertyOp8
 70
1
102
RTVSPropertyOp9
 70
1
102
RTVSPropertyOp10
 70
1
102
RTVSPropertyOp11
 70
1
102
RTVSPropertyOp12
 70
1
102
RTVSPropertyOp13
 70
1
102
RTVSPropertyOp14
 70
1
102
RTVSPropertyOp15
 70
1
102
RTVSPropertyOp16
 70
1
102
RTVSPropertyOp17
 70
1
102
RTVSPropertyOp18
 70
1
102
RTVSPropertyOp19
 70
1
102
RTVSPropertyOp20
 70
1
102
RTVSPropertyOp21
 70
1
102
RTVSPropertyOp22
 70
1
102
RTVSPropertyOp23
 70
1
102
RTVSPropertyOp24
 70
1
102
RTVSPropertyOp25
 70
1
102
RTVSPropertyOp26
 70
1
102
RTVSPropertyOp27
 70
1
102
RTVSPropertyOp28
 70
1
102
RTVSPropertyOp29
 70
1
102
RTVSPropertyOp30
 70
1
102
RTVSPropertyOp31
 70
1
102
RTVSPropertyOp32
 70
1
  0
XRECORD
  5
2008E
102
{ACAD_REACTORS
330
2008D
102
}
330
2008D
100
AcDbXrecord
280
1
102
RTVSPropertyOp0
 70
0
102
RTVSPropertyOp1
 70
0
102
RTVSPropertyOp2
 70
0
102
RTVSPropertyOp3
 70
0
102
RTVSPropertyOp4
 70
0
102
RTVSPropertyOp5
 70
0
102
RTVSPropertyOp6
 70
0
102
RTVSPropertyOp7
 70
0
102
RTVSPropertyOp8
 70
0
102
RTVSPropertyOp9
 70
0
102
RTVSPropertyOp10
 70
0
102
RTVSPropertyOp11
 70
0
102
RTVSPropertyOp12
 70
0
102
RTVSPropertyOp13
 70
0
102
RTVSPropertyOp14
 70
2
102
RTVSPropertyOp15
 70
0
102
RTVSPropertyOp16
 70
0
102
RTVSPropertyOp17
 70
0
102
RTVSPropertyOp18
 70
0
102
RTVSPropertyOp19
 70
0
102
RTVSPropertyOp20
 70
0
102
RTVSPropertyOp21
 70
0
102
RTVSPropertyOp22
 70
0
102
RTVSPropertyOp23
 70
0
102
RTVSPropertyOp24
 70
0
102
RTVSPropertyOp25
 70
0
102
RTVSPropertyOp26
 70
0
102
RTVSPropertyOp27
 70
0
102
RTVSPropertyOp28
 70
0
102
RTVSPropertyOp29
 70
0
102
RTVSPropertyOp30
 70
0
102
RTVSPropertyOp31
 70
0
102
RTVSPropertyOp32
 70
0
  0
XRECORD
  5
2007C
102
{ACAD_REACTORS
330
2007B
102
}
330
2007B
100
AcDbXrecord
280
1
102
RTVSPropertyOp0
 70
1
102
RTVSPropertyOp1
 70
1
102
RTVSPropertyOp2
 70
1
102
RTVSPropertyOp3
 70
1
102
RTVSPropertyOp4
 70
1
102
RTVSPropertyOp5
 70
1
102
RTVSPropertyOp6
 70
1
102
RTVSPropertyOp7
 70
1
102
RTVSPropertyOp8
 70
1
102
RTVSPropertyOp9
 70
1
102
RTVSPropertyOp10
 70
1
102
RTVSPropertyOp11
 70
1
102
RTVSPropertyOp12
 70
1
102
RTVSPropertyOp13
 70
1
102
RTVSPropertyOp14
 70
1
102
RTVSPropertyOp15
 70
1
102
RTVSPropertyOp16
 70
1
102
RTVSPropertyOp17
 70
1
102
RTVSPropertyOp18
 70
1
102
RTVSPropertyOp19
 70
1
102
RTVSPropertyOp20
 70
1
102
RTVSPropertyOp21
 70
1
102
RTVSPropertyOp22
 70
1
102
RTVSPropertyOp23
 70
1
102
RTVSPropertyOp24
 70
1
102
RTVSPropertyOp25
 70
1
102
RTVSPropertyOp26
 70
1
102
RTVSPropertyOp27
 70
1
102
RTVSPropertyOp28
 70
1
102
RTVSPropertyOp29
 70
1
102
RTVSPropertyOp30
 70
1
102
RTVSPropertyOp31
 70
1
102
RTVSPropertyOp32
 70
1
  0
XRECORD
  5
20060
102
{ACAD_REACTORS
330
2005F
102
}
330
2005F
100
AcDbXrecord
280
1
102
RTVSPropertyOp0
 70
1
102
RTVSPropertyOp1
 70
1
102
RTVSPropertyOp2
 70
1
102
RTVSPropertyOp3
 70
1
102
RTVSPropertyOp4
 70
1
102
RTVSPropertyOp5
 70
1
102
RTVSPropertyOp6
 70
1
102
RTVSPropertyOp7
 70
1
102
RTVSPropertyOp8
 70
1
102
RTVSPropertyOp9
 70
1
102
RTVSPropertyOp10
 70
1
102
RTVSPropertyOp11
 70
1
102
RTVSPropertyOp12
 70
1
102
RTVSPropertyOp13
 70
1
102
RTVSPropertyOp14
 70
1
102
RTVSPropertyOp15
 70
1
102
RTVSPropertyOp16
 70
1
102
RTVSPropertyOp17
 70
1
102
RTVSPropertyOp18
 70
1
102
RTVSPropertyOp19
 70
1
102
RTVSPropertyOp20
 70
1
102
RTVSPropertyOp21
 70
1
102
RTVSPropertyOp22
 70
1
102
RTVSPropertyOp23
 70
1
102
RTVSPropertyOp24
 70
1
102
RTVSPropertyOp25
 70
1
102
RTVSPropertyOp26
 70
1
102
RTVSPropertyOp27
 70
1
102
RTVSPropertyOp28
 70
1
102
RTVSPropertyOp29
 70
1
102
RTVSPropertyOp30
 70
1
102
RTVSPropertyOp31
 70
1
102
RTVSPropertyOp32
 70
1
  0
XRECORD
  5
20062
102
{ACAD_REACTORS
330
20061
102
}
330
20061
100
AcDbXrecord
280
1
102
RTVSPropertyOp0
 70
1
102
RTVSPropertyOp1
 70
1
102
RTVSPropertyOp2
 70
1
102
RTVSPropertyOp3
 70
1
102
RTVSPropertyOp4
 70
1
102
RTVSPropertyOp5
 70
1
102
RTVSPropertyOp6
 70
1
102
RTVSPropertyOp7
 70
1
102
RTVSPropertyOp8
 70
1
102
RTVSPropertyOp9
 70
1
102
RTVSPropertyOp10
 70
1
102
RTVSPropertyOp11
 70
1
102
RTVSPropertyOp12
 70
1
102
RTVSPropertyOp13
 70
1
102
RTVSPropertyOp14
 70
1
102
RTVSPropertyOp15
 70
1
102
RTVSPropertyOp16
 70
1
102
RTVSPropertyOp17
 70
1
102
RTVSPropertyOp18
 70
1
102
RTVSPropertyOp19
 70
1
102
RTVSPropertyOp20
 70
1
102
RTVSPropertyOp21
 70
1
102
RTVSPropertyOp22
 70
1
102
RTVSPropertyOp23
 70
1
102
RTVSPropertyOp24
 70
1
102
RTVSPropertyOp25
 70
1
102
RTVSPropertyOp26
 70
1
102
RTVSPropertyOp27
 70
1
102
RTVSPropertyOp28
 70
1
102
RTVSPropertyOp29
 70
1
102
RTVSPropertyOp30
 70
1
102
RTVSPropertyOp31
 70
1
102
RTVSPropertyOp32
 70
1
  0
XRECORD
  5
20064
102
{ACAD_REACTORS
330
20063
102
}
330
20063
100
AcDbXrecord
280
1
102
RTVSPropertyOp0
 70
1
102
RTVSPropertyOp1
 70
1
102
RTVSPropertyOp2
 70
1
102
RTVSPropertyOp3
 70
1
102
RTVSPropertyOp4
 70
1
102
RTVSPropertyOp5
 70
1
102
RTVSPropertyOp6
 70
1
102
RTVSPropertyOp7
 70
1
102
RTVSPropertyOp8
 70
1
102
RTVSPropertyOp9
 70
1
102
RTVSPropertyOp10
 70
1
102
RTVSPropertyOp11
 70
1
102
RTVSPropertyOp12
 70
1
102
RTVSPropertyOp13
 70
1
102
RTVSPropertyOp14
 70
1
102
RTVSPropertyOp15
 70
1
102
RTVSPropertyOp16
 70
1
102
RTVSPropertyOp17
 70
1
102
RTVSPropertyOp18
 70
1
102
RTVSPropertyOp19
 70
1
102
RTVSPropertyOp20
 70
1
102
RTVSPropertyOp21
 70
1
102
RTVSPropertyOp22
 70
1
102
RTVSPropertyOp23
 70
1
102
RTVSPropertyOp24
 70
1
102
RTVSPropertyOp25
 70
1
102
RTVSPropertyOp26
 70
1
102
RTVSPropertyOp27
 70
1
102
RTVSPropertyOp28
 70
1
102
RTVSPropertyOp29
 70
1
102
RTVSPropertyOp30
 70
1
102
RTVSPropertyOp31
 70
1
102
RTVSPropertyOp32
 70
1
  0
XRECORD
  5
20066
102
{ACAD_REACTORS
330
20065
102
}
330
20065
100
AcDbXrecord
280
1
102
RTVSPropertyOp0
 70
1
102
RTVSPropertyOp1
 70
1
102
RTVSPropertyOp2
 70
1
102
RTVSPropertyOp3
 70
1
102
RTVSPropertyOp4
 70
1
102
RTVSPropertyOp5
 70
1
102
RTVSPropertyOp6
 70
1
102
RTVSPropertyOp7
 70
1
102
RTVSPropertyOp8
 70
1
102
RTVSPropertyOp9
 70
1
102
RTVSPropertyOp10
 70
1
102
RTVSPropertyOp11
 70
1
102
RTVSPropertyOp12
 70
1
102
RTVSPropertyOp13
 70
1
102
RTVSPropertyOp14
 70
1
102
RTVSPropertyOp15
 70
1
102
RTVSPropertyOp16
 70
1
102
RTVSPropertyOp17
 70
1
102
RTVSPropertyOp18
 70
1
102
RTVSPropertyOp19
 70
1
102
RTVSPropertyOp20
 70
1
102
RTVSPropertyOp21
 70
1
102
RTVSPropertyOp22
 70
1
102
RTVSPropertyOp23
 70
1
102
RTVSPropertyOp24
 70
1
102
RTVSPropertyOp25
 70
1
102
RTVSPropertyOp26
 70
1
102
RTVSPropertyOp27
 70
1
102
RTVSPropertyOp28
 70
1
102
RTVSPropertyOp29
 70
1
102
RTVSPropertyOp30
 70
1
102
RTVSPropertyOp31
 70
1
102
RTVSPropertyOp32
 70
1
  0
XRECORD
  5
2006E
102
{ACAD_REACTORS
330
2006D
102
}
330
2006D
100
AcDbXrecord
280
1
102
RTVSPropertyOp0
 70
1
102
RTVSPropertyOp1
 70
1
102
RTVSPropertyOp2
 70
1
102
RTVSPropertyOp3
 70
1
102
RTVSPropertyOp4
 70
1
102
RTVSPropertyOp5
 70
1
102
RTVSPropertyOp6
 70
1
102
RTVSPropertyOp7
 70
1
102
RTVSPropertyOp8
 70
1
102
RTVSPropertyOp9
 70
1
102
RTVSPropertyOp10
 70
1
102
RTVSPropertyOp11
 70
1
102
RTVSPropertyOp12
 70
1
102
RTVSPropertyOp13
 70
1
102
RTVSPropertyOp14
 70
1
102
RTVSPropertyOp15
 70
1
102
RTVSPropertyOp16
 70
1
102
RTVSPropertyOp17
 70
1
102
RTVSPropertyOp18
 70
1
102
RTVSPropertyOp19
 70
1
102
RTVSPropertyOp20
 70
1
102
RTVSPropertyOp21
 70
1
102
RTVSPropertyOp22
 70
1
102
RTVSPropertyOp23
 70
1
102
RTVSPropertyOp24
 70
1
102
RTVSPropertyOp25
 70
1
102
RTVSPropertyOp26
 70
1
102
RTVSPropertyOp27
 70
1
102
RTVSPropertyOp28
 70
1
102
RTVSPropertyOp29
 70
1
102
RTVSPropertyOp30
 70
1
102
RTVSPropertyOp31
 70
1
102
RTVSPropertyOp32
 70
1
  0
XRECORD
  5
2008A
102
{ACAD_REACTORS
330
20089
102
}
330
20089
100
AcDbXrecord
280
1
102
RTVSPropertyOp0
 70
0
102
RTVSPropertyOp1
 70
0
102
RTVSPropertyOp2
 70
0
102
RTVSPropertyOp3
 70
0
102
RTVSPropertyOp4
 70
0
102
RTVSPropertyOp5
 70
0
102
RTVSPropertyOp6
 70
0
102
RTVSPropertyOp7
 70
0
102
RTVSPropertyOp8
 70
0
102
RTVSPropertyOp9
 70
0
102
RTVSPropertyOp10
 70
0
102
RTVSPropertyOp11
 70
0
102
RTVSPropertyOp12
 70
0
102
RTVSPropertyOp13
 70
0
102
RTVSPropertyOp14
 70
2
102
RTVSPropertyOp15
 70
0
102
RTVSPropertyOp16
 70
0
102
RTVSPropertyOp17
 70
0
102
RTVSPropertyOp18
 70
0
102
RTVSPropertyOp19
 70
0
102
RTVSPropertyOp20
 70
0
102
RTVSPropertyOp21
 70
0
102
RTVSPropertyOp22
 70
0
102
RTVSPropertyOp23
 70
0
102
RTVSPropertyOp24
 70
0
102
RTVSPropertyOp25
 70
0
102
RTVSPropertyOp26
 70
0
102
RTVSPropertyOp27
 70
0
102
RTVSPropertyOp28
 70
0
102
RTVSPropertyOp29
 70
0
102
RTVSPropertyOp30
 70
0
102
RTVSPropertyOp31
 70
0
102
RTVSPropertyOp32
 70
0
  0
XRECORD
  5
2007A
102
{ACAD_REACTORS
330
20079
102
}
330
20079
100
AcDbXrecord
280
1
102
RTVSPropertyOp0
 70
1
102
RTVSPropertyOp1
 70
1
102
RTVSPropertyOp2
 70
1
102
RTVSPropertyOp3
 70
1
102
RTVSPropertyOp4
 70
1
102
RTVSPropertyOp5
 70
1
102
RTVSPropertyOp6
 70
1
102
RTVSPropertyOp7
 70
1
102
RTVSPropertyOp8
 70
1
102
RTVSPropertyOp9
 70
1
102
RTVSPropertyOp10
 70
1
102
RTVSPropertyOp11
 70
1
102
RTVSPropertyOp12
 70
1
102
RTVSPropertyOp13
 70
1
102
RTVSPropertyOp14
 70
1
102
RTVSPropertyOp15
 70
1
102
RTVSPropertyOp16
 70
1
102
RTVSPropertyOp17
 70
1
102
RTVSPropertyOp18
 70
1
102
RTVSPropertyOp19
 70
1
102
RTVSPropertyOp20
 70
1
102
RTVSPropertyOp21
 70
1
102
RTVSPropertyOp22
 70
1
102
RTVSPropertyOp23
 70
1
102
RTVSPropertyOp24
 70
1
102
RTVSPropertyOp25
 70
1
102
RTVSPropertyOp26
 70
1
102
RTVSPropertyOp27
 70
1
102
RTVSPropertyOp28
 70
1
102
RTVSPropertyOp29
 70
1
102
RTVSPropertyOp30
 70
1
102
RTVSPropertyOp31
 70
1
102
RTVSPropertyOp32
 70
1
  0
XRECORD
  5
2008C
102
{ACAD_REACTORS
330
2008B
102
}
330
2008B
100
AcDbXrecord
280
1
102
RTVSPropertyOp0
 70
0
102
RTVSPropertyOp1
 70
0
102
RTVSPropertyOp2
 70
0
102
RTVSPropertyOp3
 70
0
102
RTVSPropertyOp4
 70
0
102
RTVSPropertyOp5
 70
0
102
RTVSPropertyOp6
 70
0
102
RTVSPropertyOp7
 70
0
102
RTVSPropertyOp8
 70
0
102
RTVSPropertyOp9
 70
0
102
RTVSPropertyOp10
 70
0
102
RTVSPropertyOp11
 70
0
102
RTVSPropertyOp12
 70
0
102
RTVSPropertyOp13
 70
0
102
RTVSPropertyOp14
 70
2
102
RTVSPropertyOp15
 70
0
102
RTVSPropertyOp16
 70
0
102
RTVSPropertyOp17
 70
0
102
RTVSPropertyOp18
 70
0
102
RTVSPropertyOp19
 70
0
102
RTVSPropertyOp20
 70
0
102
RTVSPropertyOp21
 70
0
102
RTVSPropertyOp22
 70
0
102
RTVSPropertyOp23
 70
0
102
RTVSPropertyOp24
 70
0
102
RTVSPropertyOp25
 70
0
102
RTVSPropertyOp26
 70
0
102
RTVSPropertyOp27
 70
0
102
RTVSPropertyOp28
 70
0
102
RTVSPropertyOp29
 70
0
102
RTVSPropertyOp30
 70
0
102
RTVSPropertyOp31
 70
0
102
RTVSPropertyOp32
 70
0
  0
XRECORD
  5
20072
102
{ACAD_REACTORS
330
20071
102
}
330
20071
100
AcDbXrecord
280
1
102
RTVSPropertyOp0
 70
1
102
RTVSPropertyOp1
 70
1
102
RTVSPropertyOp2
 70
1
102
RTVSPropertyOp3
 70
1
102
RTVSPropertyOp4
 70
1
102
RTVSPropertyOp5
 70
1
102
RTVSPropertyOp6
 70
1
102
RTVSPropertyOp7
 70
1
102
RTVSPropertyOp8
 70
1
102
RTVSPropertyOp9
 70
1
102
RTVSPropertyOp10
 70
1
102
RTVSPropertyOp11
 70
1
102
RTVSPropertyOp12
 70
1
102
RTVSPropertyOp13
 70
1
102
RTVSPropertyOp14
 70
1
102
RTVSPropertyOp15
 70
1
102
RTVSPropertyOp16
 70
1
102
RTVSPropertyOp17
 70
1
102
RTVSPropertyOp18
 70
1
102
RTVSPropertyOp19
 70
1
102
RTVSPropertyOp20
 70
1
102
RTVSPropertyOp21
 70
1
102
RTVSPropertyOp22
 70
1
102
RTVSPropertyOp23
 70
1
102
RTVSPropertyOp24
 70
1
102
RTVSPropertyOp25
 70
1
102
RTVSPropertyOp26
 70
1
102
RTVSPropertyOp27
 70
1
102
RTVSPropertyOp28
 70
1
102
RTVSPropertyOp29
 70
1
102
RTVSPropertyOp30
 70
1
102
RTVSPropertyOp31
 70
1
102
RTVSPropertyOp32
 70
1
  0
XRECORD
  5
20088
102
{ACAD_REACTORS
330
20087
102
}
330
20087
100
AcDbXrecord
280
1
102
RTVSPropertyOp0
 70
1
102
RTVSPropertyOp1
 70
1
102
RTVSPropertyOp2
 70
1
102
RTVSPropertyOp3
 70
1
102
RTVSPropertyOp4
 70
1
102
RTVSPropertyOp5
 70
1
102
RTVSPropertyOp6
 70
1
102
RTVSPropertyOp7
 70
1
102
RTVSPropertyOp8
 70
1
102
RTVSPropertyOp9
 70
1
102
RTVSPropertyOp10
 70
1
102
RTVSPropertyOp11
 70
1
102
RTVSPropertyOp12
 70
1
102
RTVSPropertyOp13
 70
1
102
RTVSPropertyOp14
 70
1
102
RTVSPropertyOp15
 70
1
102
RTVSPropertyOp16
 70
1
102
RTVSPropertyOp17
 70
1
102
RTVSPropertyOp18
 70
1
102
RTVSPropertyOp19
 70
1
102
RTVSPropertyOp20
 70
1
102
RTVSPropertyOp21
 70
1
102
RTVSPropertyOp22
 70
1
102
RTVSPropertyOp23
 70
1
102
RTVSPropertyOp24
 70
1
102
RTVSPropertyOp25
 70
1
102
RTVSPropertyOp26
 70
1
102
RTVSPropertyOp27
 70
1
102
RTVSPropertyOp28
 70
1
102
RTVSPropertyOp29
 70
1
102
RTVSPropertyOp30
 70
1
102
RTVSPropertyOp31
 70
1
102
RTVSPropertyOp32
 70
1
  0
XRECORD
  5
20086
102
{ACAD_REACTORS
330
20085
102
}
330
20085
100
AcDbXrecord
280
1
102
RTVSPropertyOp0
 70
1
102
RTVSPropertyOp1
 70
1
102
RTVSPropertyOp2
 70
1
102
RTVSPropertyOp3
 70
1
102
RTVSPropertyOp4
 70
1
102
RTVSPropertyOp5
 70
1
102
RTVSPropertyOp6
 70
1
102
RTVSPropertyOp7
 70
1
102
RTVSPropertyOp8
 70
1
102
RTVSPropertyOp9
 70
1
102
RTVSPropertyOp10
 70
1
102
RTVSPropertyOp11
 70
1
102
RTVSPropertyOp12
 70
1
102
RTVSPropertyOp13
 70
1
102
RTVSPropertyOp14
 70
1
102
RTVSPropertyOp15
 70
1
102
RTVSPropertyOp16
 70
1
102
RTVSPropertyOp17
 70
1
102
RTVSPropertyOp18
 70
1
102
RTVSPropertyOp19
 70
1
102
RTVSPropertyOp20
 70
1
102
RTVSPropertyOp21
 70
1
102
RTVSPropertyOp22
 70
1
102
RTVSPropertyOp23
 70
1
102
RTVSPropertyOp24
 70
1
102
RTVSPropertyOp25
 70
1
102
RTVSPropertyOp26
 70
1
102
RTVSPropertyOp27
 70
1
102
RTVSPropertyOp28
 70
1
102
RTVSPropertyOp29
 70
1
102
RTVSPropertyOp30
 70
1
102
RTVSPropertyOp31
 70
1
102
RTVSPropertyOp32
 70
1
  0
XRECORD
  5
20080
102
{ACAD_REACTORS
330
2007F
102
}
330
2007F
100
AcDbXrecord
280
1
102
RTVSPropertyOp0
 70
1
102
RTVSPropertyOp1
 70
1
102
RTVSPropertyOp2
 70
1
102
RTVSPropertyOp3
 70
1
102
RTVSPropertyOp4
 70
1
102
RTVSPropertyOp5
 70
1
102
RTVSPropertyOp6
 70
1
102
RTVSPropertyOp7
 70
1
102
RTVSPropertyOp8
 70
1
102
RTVSPropertyOp9
 70
1
102
RTVSPropertyOp10
 70
1
102
RTVSPropertyOp11
 70
1
102
RTVSPropertyOp12
 70
1
102
RTVSPropertyOp13
 70
1
102
RTVSPropertyOp14
 70
1
102
RTVSPropertyOp15
 70
1
102
RTVSPropertyOp16
 70
1
102
RTVSPropertyOp17
 70
1
102
RTVSPropertyOp18
 70
1
102
RTVSPropertyOp19
 70
1
102
RTVSPropertyOp20
 70
1
102
RTVSPropertyOp21
 70
1
102
RTVSPropertyOp22
 70
1
102
RTVSPropertyOp23
 70
1
102
RTVSPropertyOp24
 70
1
102
RTVSPropertyOp25
 70
1
102
RTVSPropertyOp26
 70
1
102
RTVSPropertyOp27
 70
1
102
RTVSPropertyOp28
 70
1
102
RTVSPropertyOp29
 70
1
102
RTVSPropertyOp30
 70
1
102
RTVSPropertyOp31
 70
1
102
RTVSPropertyOp32
 70
1
  0
XRECORD
  5
20082
102
{ACAD_REACTORS
330
20081
102
}
330
20081
100
AcDbXrecord
280
1
102
RTVSPropertyOp0
 70
1
102
RTVSPropertyOp1
 70
1
102
RTVSPropertyOp2
 70
1
102
RTVSPropertyOp3
 70
1
102
RTVSPropertyOp4
 70
1
102
RTVSPropertyOp5
 70
1
102
RTVSPropertyOp6
 70
1
102
RTVSPropertyOp7
 70
1
102
RTVSPropertyOp8
 70
1
102
RTVSPropertyOp9
 70
1
102
RTVSPropertyOp10
 70
1
102
RTVSPropertyOp11
 70
1
102
RTVSPropertyOp12
 70
1
102
RTVSPropertyOp13
 70
1
102
RTVSPropertyOp14
 70
1
102
RTVSPropertyOp15
 70
1
102
RTVSPropertyOp16
 70
1
102
RTVSPropertyOp17
 70
1
102
RTVSPropertyOp18
 70
1
102
RTVSPropertyOp19
 70
1
102
RTVSPropertyOp20
 70
1
102
RTVSPropertyOp21
 70
1
102
RTVSPropertyOp22
 70
1
102
RTVSPropertyOp23
 70
1
102
RTVSPropertyOp24
 70
1
102
RTVSPropertyOp25
 70
1
102
RTVSPropertyOp26
 70
1
102
RTVSPropertyOp27
 70
1
102
RTVSPropertyOp28
 70
1
102
RTVSPropertyOp29
 70
1
102
RTVSPropertyOp30
 70
1
102
RTVSPropertyOp31
 70
1
102
RTVSPropertyOp32
 70
1
  0
XRECORD
  5
20078
102
{ACAD_REACTORS
330
20077
102
}
330
20077
100
AcDbXrecord
280
1
102
RTVSPropertyOp0
 70
1
102
RTVSPropertyOp1
 70
1
102
RTVSPropertyOp2
 70
1
102
RTVSPropertyOp3
 70
1
102
RTVSPropertyOp4
 70
1
102
RTVSPropertyOp5
 70
1
102
RTVSPropertyOp6
 70
1
102
RTVSPropertyOp7
 70
1
102
RTVSPropertyOp8
 70
1
102
RTVSPropertyOp9
 70
1
102
RTVSPropertyOp10
 70
1
102
RTVSPropertyOp11
 70
1
102
RTVSPropertyOp12
 70
1
102
RTVSPropertyOp13
 70
1
102
RTVSPropertyOp14
 70
1
102
RTVSPropertyOp15
 70
1
102
RTVSPropertyOp16
 70
1
102
RTVSPropertyOp17
 70
1
102
RTVSPropertyOp18
 70
1
102
RTVSPropertyOp19
 70
1
102
RTVSPropertyOp20
 70
1
102
RTVSPropertyOp21
 70
1
102
RTVSPropertyOp22
 70
1
102
RTVSPropertyOp23
 70
1
102
RTVSPropertyOp24
 70
1
102
RTVSPropertyOp25
 70
1
102
RTVSPropertyOp26
 70
1
102
RTVSPropertyOp27
 70
1
102
RTVSPropertyOp28
 70
1
102
RTVSPropertyOp29
 70
1
102
RTVSPropertyOp30
 70
1
102
RTVSPropertyOp31
 70
1
102
RTVSPropertyOp32
 70
1
  0
XRECORD
  5
2006C
102
{ACAD_REACTORS
330
2006B
102
}
330
2006B
100
AcDbXrecord
280
1
102
RTVSPropertyOp0
 70
1
102
RTVSPropertyOp1
 70
1
102
RTVSPropertyOp2
 70
1
102
RTVSPropertyOp3
 70
1
102
RTVSPropertyOp4
 70
1
102
RTVSPropertyOp5
 70
1
102
RTVSPropertyOp6
 70
1
102
RTVSPropertyOp7
 70
1
102
RTVSPropertyOp8
 70
1
102
RTVSPropertyOp9
 70
1
102
RTVSPropertyOp10
 70
1
102
RTVSPropertyOp11
 70
1
102
RTVSPropertyOp12
 70
1
102
RTVSPropertyOp13
 70
1
102
RTVSPropertyOp14
 70
1
102
RTVSPropertyOp15
 70
1
102
RTVSPropertyOp16
 70
1
102
RTVSPropertyOp17
 70
1
102
RTVSPropertyOp18
 70
1
102
RTVSPropertyOp19
 70
1
102
RTVSPropertyOp20
 70
1
102
RTVSPropertyOp21
 70
1
102
RTVSPropertyOp22
 70
1
102
RTVSPropertyOp23
 70
1
102
RTVSPropertyOp24
 70
1
102
RTVSPropertyOp25
 70
1
102
RTVSPropertyOp26
 70
1
102
RTVSPropertyOp27
 70
1
102
RTVSPropertyOp28
 70
1
102
RTVSPropertyOp29
 70
1
102
RTVSPropertyOp30
 70
1
102
RTVSPropertyOp31
 70
1
102
RTVSPropertyOp32
 70
1
  0
XRECORD
  5
20084
102
{ACAD_REACTORS
330
20083
102
}
330
20083
100
AcDbXrecord
280
1
102
RTVSPropertyOp0
 70
1
102
RTVSPropertyOp1
 70
1
102
RTVSPropertyOp2
 70
1
102
RTVSPropertyOp3
 70
1
102
RTVSPropertyOp4
 70
1
102
RTVSPropertyOp5
 70
1
102
RTVSPropertyOp6
 70
1
102
RTVSPropertyOp7
 70
1
102
RTVSPropertyOp8
 70
1
102
RTVSPropertyOp9
 70
1
102
RTVSPropertyOp10
 70
1
102
RTVSPropertyOp11
 70
1
102
RTVSPropertyOp12
 70
1
102
RTVSPropertyOp13
 70
1
102
RTVSPropertyOp14
 70
1
102
RTVSPropertyOp15
 70
1
102
RTVSPropertyOp16
 70
1
102
RTVSPropertyOp17
 70
1
102
RTVSPropertyOp18
 70
1
102
RTVSPropertyOp19
 70
1
102
RTVSPropertyOp20
 70
1
102
RTVSPropertyOp21
 70
1
102
RTVSPropertyOp22
 70
1
102
RTVSPropertyOp23
 70
1
102
RTVSPropertyOp24
 70
1
102
RTVSPropertyOp25
 70
1
102
RTVSPropertyOp26
 70
1
102
RTVSPropertyOp27
 70
1
102
RTVSPropertyOp28
 70
1
102
RTVSPropertyOp29
 70
1
102
RTVSPropertyOp30
 70
1
102
RTVSPropertyOp31
 70
1
102
RTVSPropertyOp32
 70
1
  0
DICTIONARY
  5
20096
330
C
100
AcDbDictionary
280
1
281
1
  3
WRITTEN_BY_EZDXF
350
20097
  0
DICTIONARYVAR
  5
20097
330
20096
100
DictionaryVariables
280
0
  1
1.4.4 @ 2026-08-15T11:45:18.501133+00:00
  0
ENDSEC
  0
EOF
